#,单词,音标,解释,笔记
0,"a bit longer","","Free Dictionary在线词典
韦氏在线词典
必应在线词典
柯林斯在线词典
Urban Dictionary
剑桥词典
Dictionary.com在线词典
朗文当代英语在线词典
Ox Living Dict


点击管理在线词典",
1,"a host of","","大量，许多, 一大群",
2,"abide","英:/ə'baɪd/ 美:/ə'baɪd/","该版本不支持扩展词库。购买专业版",
3,"abide by","","vt. 遵守(坚持)",
4,"abrupt","英:/ə'brʌpt/ 美:/ə'brʌpt/","该版本不支持扩展词库。购买专业版",
5,"abstract","英:/'æbstrækt,æb'strækt/ 美:/'æbstrækt, æb'strækt/","该版本不支持扩展词库。购买专业版",
6,"abstraction","英:/əb'strækʃ(ə)n/ 美:/æb'strækʃən/","- n. 抽象,抽取
- 抽象化；抽象过程
- 抽象概念；抽象名称
- 抽象性，抽象的特征
- 出神；心不在焉
- 不切实际的想法，空想；幻想的事物
- (艺术上的)抽象主义
- 抽象，抽离；抽离运符
- 偷窃",
7,"accompany","英:/ə'kʌmpənɪ/ 美:/ə'kʌmpəni/","- vt. 陪伴, 陪同
- 伴随…同时发生
- 伴奏

时 态:  
accompanied, accompanying, accompanies",
8,"accretion","英:/ə'kriːʃ(ə)n/ 美:/ə'kriʃən/","- n. 堆积,积累
- 添加生长，自然增长
- 增加部分；附加
- 增加的结果，积成的整体
- 连生；合生；共生
- 粘连
- 冲积层
- 吸积
- 添附(指土地的自然增长)；(因共同继承人或受遗赠人放弃而)多分得的遗产",
9,"acknowledge","英:/ək'nɒlɪdʒ/ 美:/ək'nɑlɪdʒ/","- vt. 承认, 供认
- 告知已收到
- 鸣谢, 感谢

时 态:  
acknowledged, acknowledging, acknowledges 
缩 写:  
ack",
10,"addendum","英:/ə'dendəm/ 美:/ə'dɛndəm/","该版本不支持扩展词库。购买专业版",
11,"addictive","英:/ə'dɪktɪv/ 美:/ə'dɪktɪv/","- adj. 使成瘾的, 上瘾的
- (使人)入迷的，醉心的",
12,"adhere to","","坚持, 依附",
13,"adiabatic","英:/ˌeɪdaɪə'bætɪk/ 美:/ˌædɪə'bætɪk/","adj. 绝热的,隔热的

副 词:  
adiabatically",
14,"adjunct","英:/'ædʒʌŋ(k)t/ 美:/'ædʒʌŋkt/","该版本不支持扩展词库。购买专业版",
15,"admit","英:/əd'mɪt/ 美:/əd'mɪt/","该版本不支持扩展词库。购买专业版",
16,"adopt","英:/ə'dɒpt/ 美:/ə'dɑpt/","该版本不支持扩展词库。购买专业版",
17,"adopted","/ə'dɔptid/","该版本不支持扩展词库。购买专业版",
18,"adversary","英:/'ædvəs(ə)rɪ/ 美:/'ædvɚsɛri/","n. 对手, 敌手",
19,"adversetrend","","Free Dictionary在线词典
韦氏在线词典
必应在线词典
柯林斯在线词典
Urban Dictionary
剑桥词典
Dictionary.com在线词典
朗文当代英语在线词典
Ox Living Dict


点击管理在线词典",
20,"aerial","英:/'eərɪəl/ 美:/'ɛrɪəl/","该版本不支持扩展词库。购买专业版",
21,"aesthetic","英:/iːs'θetɪk/ 美:/ɛs'θɛtɪk/","- adj. 有关美的, 美学的
- 审美的
- 悦目的, 雅致的

副 词:  
aesthetically",
22,"aetiology","英:/ˌiːtɪ'ɒlədʒɪ/ 美:/ˌitɪ'ɑlədʒi/","n. 原因之说明,原因论,病原",
23,"affluent","英:/'æflʊənt/ 美:/'æfluənt/","该版本不支持扩展词库。购买专业版",
24,"affront","英:/ə'frʌnt/ 美:/ə'frʌnt/","该版本不支持扩展词库。购买专业版",
25,"aficionados","","Free Dictionary在线词典
韦氏在线词典
必应在线词典
柯林斯在线词典
Urban Dictionary
剑桥词典
Dictionary.com在线词典
朗文当代英语在线词典
Ox Living Dict


点击管理在线词典",
26,"agitated","英:/'ædʒɪteɪtɪd/ 美:/'ædʒɪtetɪd/","该版本不支持扩展词库。购买专业版",
27,"ailing","英:/'eɪlɪŋ/ 美:/'elɪŋ/","该版本不支持扩展词库。购买专业版",
28,"airy","英:/'eərɪ/ 美:/'ɛri/","该版本不支持扩展词库。购买专业版",
29,"akin","英:/ə'kɪn/ 美:/ə'kɪn/","该版本不支持扩展词库。购买专业版",
30,"albeit","英:/ɔːl'biːɪt/ 美:/ˌɔl'biɪt/","conj. 即使；虽然",
31,"algorithm","英:/'ælgərɪð(ə)m/ 美:/'ælgə'rɪðəm/","n. 运算法则

形容词:  
algorithmic",
32,"allowance","英:/ə'laʊəns/ 美:/ə'laʊəns/","n. 津贴, 补助, 零用钱

时 态:  
allowanced, allowancing, allowances",
33,"alluring","/ə'l(j)ʊərɪŋ/","该版本不支持扩展词库。购买专业版",
34,"ally","英:/'ælaɪ/ 美:/ə'laɪ/","该版本不支持扩展词库。购买专业版",
35,"alternative","英:/ɔːl'tɜːnətɪv/ 美:/ɔl'tɝnətɪv/","- adj. 两者择一的, 供替代的
- 不寻常的, 非传统性的
- 非正统的
- n. 取舍, 抉择, 可供选择的事物
- 选择的余地, 可供选择的机会

副 词:  
alternatively",
36,"altogether","英:/ɔːltə'geðə/ 美:/ˌɔltə'ɡɛðɚ/","- adv. 全部地, 完全地
- 总共
- 总而言之",
37,"amalgam","英:/ə'mælgəm/ 美:/ə'mælɡəm/","该版本不支持扩展词库。购买专业版",
38,"amalgamate","英:/ə'mælgəmeɪt/ 美:/ə'mælɡəmet/","- vt. & vi. (使)(金属)汞齐化
- (使)合并, 联合, 结合

时 态:  
amalgamated, amalgamating, amalgamates 

形容词:  
amalgamative

名 词:  
amalgamator",
39,"ammonia","英:/ə'məʊnɪə/ 美:/ə'monɪə/","该版本不支持扩展词库。购买专业版",
40,"amorphous","英:/ə'mɔːfəs/ 美:/ə'mɔrfəs/","- adj. 无固定形状的
- 非结晶的；非晶态的
- 模糊的
- 无组织的;难以名状的
- 乱七八糟的;难以归类的
- 无一定方向(或目的)的",
41,"ample","英:/'æmp(ə)l/ 美:/'æmpl/","该版本不支持扩展词库。购买专业版",
42,"amygdala","英:/ə'mɪgdələ/ 美:/ə'mɪɡdələ/","该版本不支持扩展词库。购买专业版",
43,"anchor","英:/'æŋkə/ 美:/'æŋkɚ/","该版本不支持扩展词库。购买专业版",
44,"anchorage","英:/'æŋk(ə)rɪdʒ/ 美:/'æŋkərɪdʒ/","- n. 停泊处，抛锚处
- 抛锚；停泊
- 停泊税
- 固定物；寄托
Anchorage安克雷奇(美国阿拉斯加州南部的港口城市)",
45,"anecdote","英:/'ænɪkdəʊt/ 美:/'ænɪkdot/","该版本不支持扩展词库。购买专业版",
46,"anneal","英:/ə'niːl/ 美:/ə'nil/","该版本不支持扩展词库。购买专业版",
47,"annotate","英:/'ænəteɪt/ 美:/'ænə'tet/","该版本不支持扩展词库。购买专业版",
48,"announcement","英:/ə'naʊnsm(ə)nt/ 美:/ə'naʊnsmənt/","- n. 通告，布告，通知；预告
- 宣告，宣布",
49,"annual","英:/'ænjʊəl/ 美:/'ænjuəl/","该版本不支持扩展词库。购买专业版",
50,"anonymous","英:/ə'nɒnɪməs/ 美:/ə'nɑnəməs/","- adj. 无名的, 不具名的
- 匿名的",
51,"antagonize","英:/ænˈtægəˌnaɪz/ 美:/æn'tæɡənaɪz/","- vt. 使成为敌人；引起…敌对〔对抗〕
- 对...起反作用；中和

时 态:  
antagonized，antagonizing，antagonizes",
52,"appearance","英:/ə'pɪər(ə)ns/ 美:/ə'pɪrəns/","- n. 出现, 显露, 露面
- 外观, 外貌, 外表",
53,"appreciate","英:/ə'priːʃɪeɪt/ 美:/ə'priʃɪet/","- vt. 感激, 感谢
- 欣赏, 赏识, 重视
- 意识到, 体会
- vt. & vi. (使)增值, 涨价

时 态:  
appreciated, appreciating, appreciates 

名 词:  
appreciator

形容词:  
appreciatory",
54,"apprentice","英:/ə'prentɪs/ 美:/ə'prɛntɪs/","n. 学徒, 徒弟

时 态:  
apprenticed, apprenticing, apprentices 

名 词:  
apprenticeship",
55,"appropriate","英:/ə'prəʊprɪət/ 美:/ə'proprɪət/","- adj. 适当的，恰当的
- vt. 挪用；占用；盗用
- 拨出(款项)

时 态:  
appropriated，appropriating，appropriates  

副 词:  
appropriately

形容词:  
appropriative

名 词:  
appropriator",
56,"approximated","","Free Dictionary在线词典
韦氏在线词典
必应在线词典
柯林斯在线词典
Urban Dictionary
剑桥词典
Dictionary.com在线词典
朗文当代英语在线词典
Ox Living Dict


点击管理在线词典",
57,"apt","英:/æpt/ 美:/æpt/","该版本不支持扩展词库。购买专业版",
58,"archaic","英:/ɑː'keɪɪk/ 美:/ɑr'keɪk/","该版本不支持扩展词库。购买专业版",
59,"archer","英:/ˈɑ:tʃə/ 美:/ˈɑrtʃɚ/","该版本不支持扩展词库。购买专业版",
60,"archiving","/ɑ:'kəviŋ/","存档",
61,"area code","","该版本不支持扩展词库。购买专业版",
62,"arena","英:/ə'riːnə/ 美:/ə'rinə/","该版本不支持扩展词库。购买专业版",
63,"Argentina","/ˌɑ:dʒən'ti:nə/","n. 阿根廷(南美洲南部国家)

形容词:  
Argentine",
64,"arm","英:/ɑːm/ 美:/ɑrm/","该版本不支持扩展词库。购买专业版",
65,"armor","英:/ˈɑ:mə/ 美:/'ɑrmɚ/","该版本不支持扩展词库。购买专业版",
66,"array","英:/ə'reɪ/ 美:/ə're/","该版本不支持扩展词库。购买专业版",
67,"arresting","英:/ə'restɪŋ/ 美:/ə'rɛstɪŋ/","adj. 引人注意的,可观的",
68,"arrogant","英:/'ærəg(ə)nt/ 美:/'ærəɡənt/","该版本不支持扩展词库。购买专业版",
69,"assembly","英:/ə'semblɪ/ 美:/ə'sɛmbli/","该版本不支持扩展词库。购买专业版",
70,"assume","英:/ə'sjuːm/ 美:/ə'sum/","该版本不支持扩展词库。购买专业版",
71,"assure","英:/ə'ʃʊə/ 美:/ə'ʃʊr/","该版本不支持扩展词库。购买专业版",
72,"asteroid","英:/'æstərɒɪd/ 美:/'æstərɔɪd/","该版本不支持扩展词库。购买专业版",
73,"astronomical","英:/æstrə'nɒmɪk(ə)l/ 美:/ˌæstrə'nɑmɪkl/","- adj. 天文学的,天体的
- 极大的

副 词:  
astronomically",
74,"asymptotically","","Free Dictionary在线词典
韦氏在线词典
必应在线词典
柯林斯在线词典
Urban Dictionary
剑桥词典
Dictionary.com在线词典
朗文当代英语在线词典
Ox Living Dict


点击管理在线词典",
75,"atlas","英:/'ætləs/ 美:/ˈætləs/","该版本不支持扩展词库。购买专业版",
76,"autobiography","英:/ɔːtəbaɪ'ɒgrəfɪ/ 美:/ˌɔtəbaɪ'ɑɡrəfi/","- n. 自传
- 自传文学

名 词:  
autobiographer

形容词:  
autobiographic",
77,"autograph","英:/'ɔːtəgrɑːf/ 美:/'ɔtəɡræf/","- n. 亲笔签名
- 亲笔稿；手迹
- vt. 在…上亲笔签名
- 亲笔书写

时 态:  
autographed，autographing，autographs 

副 词:  
autographically",
78,"availability","英:/ə,veɪlə'bɪlətɪ/ 美:/ə,velə'bɪləti/","- n. 有效;有益;可利用性
- 可得到的东西(或人);可得性",
79,"awe","英:/ɔː/ 美:/ɔ/","该版本不支持扩展词库。购买专业版",
80,"back and forth","","该版本不支持扩展词库。购买专业版",
81,"bait","英:/beɪt/ 美:/beɪt/","该版本不支持扩展词库。购买专业版",
82,"bake","英:/beɪk/ 美:/bek/","vt. & vi. 烤, 烘焙

时 态:  
baked, baking, bakes",
83,"barriers","/'bærɪr/","n. 障碍；栅栏；篱笆墙（barrier的复数形式）",
84,"basin","英:/'beɪs(ə)n/ 美:/'besn/","该版本不支持扩展词库。购买专业版",
85,"bastard","英:/'bɑːstəd/ 美:/'bæstɚd/","该版本不支持扩展词库。购买专业版",
86,"be fond of","","爱好, 喜欢",
87,"be subjected to","","使经受, 使遭受",
88,"beak","英:/biːk/ 美:/bik/","该版本不支持扩展词库。购买专业版",
89,"bedeck","英:/bɪ'dek/ 美:/bɪ'dɛk/","该版本不支持扩展词库。购买专业版",
90,"befall","英:/bɪ'fɔːl/ 美:/bɪ'fɔl/","该版本不支持扩展词库。购买专业版",
91,"beg","英:/beg/ 美:/bɛɡ/","该版本不支持扩展词库。购买专业版",
92,"beginner","英:/bɪ'gɪnə/ 美:/bɪ'gɪnɚ/","该版本不支持扩展词库。购买专业版",
93,"beige","英:/beɪʒ/ 美:/beʒ/","该版本不支持扩展词库。购买专业版",
94,"belittle","英:/bɪ'lɪt(ə)l/ 美:/bɪ'lɪtl/","该版本不支持扩展词库。购买专业版",
95,"bench","英:/ben(t)ʃ/ 美:/bɛntʃ/","该版本不支持扩展词库。购买专业版",
96,"bend","英:/bend/ 美:/bɛnd/","该版本不支持扩展词库。购买专业版",
97,"benediction","英:/ˌbenɪ'dɪkʃ(ə)n/ 美:/'bɛnə'dɪkʃən/","- n. 祝福
- (礼拜结束时的)赐福祈祷
- (大写)(罗马天主教)祈求上帝赐福的仪式
- 恩赐;幸事",
98,"bid","英:/bɪd/ 美:/bɪd/","该版本不支持扩展词库。购买专业版",
99,"binge","英:/bɪn(d)ʒ/ 美:/bɪndʒ/","该版本不支持扩展词库。购买专业版",
100,"bipartite","英:/baɪ'pɑːtaɪt/ 美:/baɪ'pɑrtaɪt/","adj. 双向的

名 词:  
bipartition",
101,"bitter","英:/'bɪtə/ 美:/'bɪtɚ/","该版本不支持扩展词库。购买专业版",
102,"blade","英:/bleɪd/ 美:/bleɪd/","该版本不支持扩展词库。购买专业版",
103,"blast","英:/blɑːst/ 美:/blæst/","该版本不支持扩展词库。购买专业版",
104,"bleed","英:/bliːd/ 美:/blid/","该版本不支持扩展词库。购买专业版",
105,"blow away","","吹走, 刮走，强烈影响，征服","This video just blew me away. The people on these islands are down to earth as can be. Before now, Ive never heard of this place. For sure will not forget it.
"
106,"boast","英:/bəʊst/ 美:/bost/","该版本不支持扩展词库。购买专业版",
107,"bog","英:/bɒg/ 美:/bɑɡ/","该版本不支持扩展词库。购买专业版",
108,"bog down","","Free Dictionary在线词典
韦氏在线词典
必应在线词典
柯林斯在线词典
Urban Dictionary
剑桥词典
Dictionary.com在线词典
朗文当代英语在线词典
Ox Living Dict


点击管理在线词典",
109,"boots","英:/buːts/ 美:/bʊts/","n. 擦靴人",
110,"botanist","英:/'bɒtənɪst/ 美:/'bɑtənɪst/","该版本不支持扩展词库。购买专业版",
111,"branch out","","该版本不支持扩展词库。购买专业版",
112,"bravest","/breivist/","adj. 勇敢的",
113,"Brazil","英:/brəˈzil/ 美:/brəˈzɪl/","该版本不支持扩展词库。购买专业版",
114,"breathtaking","英:/'breθteɪkɪŋ/ 美:/'brɛθtekɪŋ/","- adj. 非常激动人心的,壮观的
- 惊人的；惊险的
- 使人透不过气来的",
115,"brew","英:/bruː/ 美:/brʊ/","该版本不支持扩展词库。购买专业版",
116,"briefcase","英:/'briːfkeɪs/ 美:/'brifkes/","n. 公文[事]包",
117,"brisk","英:/brɪsk/ 美:/brɪsk/","该版本不支持扩展词库。购买专业版",
118,"brood","英:/bruːd/ 美:/brud/","该版本不支持扩展词库。购买专业版",
119,"brunt","英:/brʌnt/ 美:/brʌnt/","该版本不支持扩展词库。购买专业版",
120,"bulletin","英:/'bʊlɪtɪn/ 美:/'bʊlətɪn/","该版本不支持扩展词库。购买专业版",
121,"burden","英:/'bɜːd(ə)n/ 美:/'bɝdn/","该版本不支持扩展词库。购买专业版",
122,"bureaucracy","英:/ˌbjʊ(ə)'rɒkrəsɪ/ 美:/bjʊ'rɑkrəsi/","- n. 政府机构
- 官僚主义, 官僚作风",
123,"burglary","英:/'bɜːglərɪ/ 美:/'bɝɡləri/","该版本不支持扩展词库。购买专业版",
124,"businesslike","英:/'bɪznɪslaɪk/ 美:/'bɪznəs'laɪk/","adj. 事务性的,公事公办的,有条理的,有效率的",
125,"butler","英:/'bʌtlə/ 美:/'bʌtlɚ/","该版本不支持扩展词库。购买专业版",
126,"caddy","英:/'kædɪ/ 美:/ˈkædi/","该版本不支持扩展词库。购买专业版",
127,"calibrate","英:/'kælɪbreɪt/ 美:/'kælɪbret/","- vt. 校准
- 使标准化,使合标准
- 测量(枪的)口径

时 态:  
calibrated, calibrating, calibrates 

名 词:  
calibrator",
128,"cannibalism","英:/ˈkænɪbɵlɪzɵm/ 美:/'kænəbl,ɪzəm/","该版本不支持扩展词库。购买专业版",
129,"cannon","英:/'kænən/ 美:/'kænən/","该版本不支持扩展词库。购买专业版",
130,"canonicalization","","Free Dictionary在线词典
韦氏在线词典
必应在线词典
柯林斯在线词典
Urban Dictionary
剑桥词典
Dictionary.com在线词典
朗文当代英语在线词典
Ox Living Dict


点击管理在线词典",
131,"capacity","英:/kə'pæsɪtɪ/ 美:/kə'pæsəti/","该版本不支持扩展词库。购买专业版",
132,"capped","","该版本不支持扩展词库。购买专业版",
133,"carabid","英:/'kærəbɪd/ 美:/ˈkærəbɪd/","n. 步行虫,步甲

形容词:  
carabid",
134,"cardigan","英:/'kɑːdɪg(ə)n/ 美:/'kɑrdɪɡən/","该版本不支持扩展词库。购买专业版",
135,"carpet","英:/'kɑːpɪt/ 美:/'kɑrpɪt/","该版本不支持扩展词库。购买专业版",
136,"cart","英:/kɑːt/ 美:/kɑrt/","该版本不支持扩展词库。购买专业版",
137,"cast","英:/kɑːst/ 美:/kæst/","该版本不支持扩展词库。购买专业版",
138,"cease","英:/siːs/ 美:/sis/","该版本不支持扩展词库。购买专业版",
139,"celibate","英:/'selɪbət/ 美:/'sɛlɪbət/","该版本不支持扩展词库。购买专业版",
140,"cello","英:/'tʃeləʊ/ 美:/'tʃɛlo/","该版本不支持扩展词库。购买专业版",
141,"cement","英:/sɪ'ment/ 美:/sə'mɛnt/","该版本不支持扩展词库。购买专业版",
142,"cemented","/sɪ'mɛnt/","灌水泥的",
143,"central fatty acids","","Free Dictionary在线词典
韦氏在线词典
必应在线词典
柯林斯在线词典
Urban Dictionary
剑桥词典
Dictionary.com在线词典
朗文当代英语在线词典
Ox Living Dict


点击管理在线词典",
144,"centroid","英:/'sentrɒɪd/ 美:/'sɛntrɔɪd/","该版本不支持扩展词库。购买专业版",
145,"chamber","英:/'tʃeɪmbə/ 美:/'tʃembɚ/","该版本不支持扩展词库。购买专业版",
146,"charcoal","英:/'tʃɑːkəʊl/ 美:/'tʃɑrkol/","该版本不支持扩展词库。购买专业版",
147,"charge","英:/tʃɑːdʒ/ 美:/tʃɑrdʒ/","该版本不支持扩展词库。购买专业版",
148,"check out","","该版本不支持扩展词库。购买专业版",
149,"cheer","英:/tʃɪə/ 美:/tʃɪr/","该版本不支持扩展词库。购买专业版",
150,"chile","英:/ˈtʃili/ 美:/ˈtʃɪli/","该版本不支持扩展词库。购买专业版",
151,"circumspect","英:/'sɜːkəmspekt/ 美:/'sɝkəm'spɛkt/","adj. 谨慎小心的,周到的

副 词:  
circumspectly",
152,"circumvent","英:/sɜːkəm'vent/ 美:/ˌsɝkəm'vɛnt/","vt. 设法克服或避免(某事物)；回避

时 态:  
circumvented，circumventing，circumvents 

名 词:  
circumvention",
153,"civil","英:/'sɪv(ə)l/ 美:/'sɪvl/","该版本不支持扩展词库。购买专业版",
154,"classify","英:/'klæsɪfaɪ/ 美:/'klæsɪfaɪ/","该版本不支持扩展词库。购买专业版",
155,"clergy","英:/'klɜːdʒɪ/ 美:/'klɝdʒi/","该版本不支持扩展词库。购买专业版",
156,"clergyman","英:/'klɜːdʒɪmən/ 美:/'klɝdʒɪmən/","n. 牧师,教士",
157,"cling","英:/klɪŋ/ 美:/klɪŋ/","该版本不支持扩展词库。购买专业版",
158,"cling to","","抱住，固守, 贴近",
159,"clobber","英:/'klɒbə/ 美:/'klɑbɚ/","该版本不支持扩展词库。购买专业版",
160,"closet","英:/'klɒzɪt/ 美:/'klɑzət/","该版本不支持扩展词库。购买专业版",
161,"clover","英:/'kləʊvə/ 美:/'klovɚ/","该版本不支持扩展词库。购买专业版",
162,"clump","英:/klʌmp/ 美:/klʌmp/","该版本不支持扩展词库。购买专业版",
163,"clumsy","英:/'klʌmzɪ/ 美:/'klʌmzi/","该版本不支持扩展词库。购买专业版",
164,"coax","英:/ˈkəuks/ 美:/koks/","该版本不支持扩展词库。购买专业版",
165,"coercive","英:/kəʊ'ɜːsɪv/ 美:/ko'ɝsɪv/","该版本不支持扩展词库。购买专业版",
166,"coercivity","英:/ˌkoɚ'sɪvɪti/ 美:/ˌkoɚˈsɪvɪti/","n. 矫顽(磁)力 矫顽(磁)性",
167,"coffee","英:/'kɒfɪ/ 美:/'kɔfi/","该版本不支持扩展词库。购买专业版",
168,"coherence","英:/kə(ʊ)'hɪər(ə)ns/ 美:/ko'hɪrəns/","n. 条理性,连贯性,一致性",
169,"coherent","英:/kə(ʊ)'hɪər(ə)nt/ 美:/ko'hɪrənt/","该版本不支持扩展词库。购买专业版",
170,"cohesive","英:/kəʊ'hiːsɪv/ 美:/ko'hisɪv/","该版本不支持扩展词库。购买专业版",
171,"cohesiveness","/kəu'hi:sivnis/","粘结性,内聚性",
172,"cohort","英:/'kəʊhɔːt/ 美:/'kohɔrt/","该版本不支持扩展词库。购买专业版",
173,"collaborate","英:/kə'læbəreɪt/ 美:/kə'læbəret/","- vi. 合作
- 勾结叛国
- n. 协作者，合作者；勾结者

时 态:  
collaborated，collaborating，collaborates 

名 词:  
collaboration

形容词:  
collaborative

名 词:  
collaborator",
174,"collapse","英:/kə'læps/ 美:/kə'læps/","该版本不支持扩展词库。购买专业版",
175,"collide","英:/kə'laɪd/ 美:/kə'laɪd/","该版本不支持扩展词库。购买专业版",
176,"colophon","英:/'kɒləf(ə)n/ 美:/'kɑləfən/","该版本不支持扩展词库。购买专业版",
177,"colossal","英:/kə'lɒs(ə)l/ 美:/kə'lɑsl/","该版本不支持扩展词库。购买专业版",
178,"comb","英:/kəʊm/ 美:/kom/","该版本不支持扩展词库。购买专业版",
179,"come at","","Free Dictionary在线词典
韦氏在线词典
必应在线词典
柯林斯在线词典
Urban Dictionary
剑桥词典
Dictionary.com在线词典
朗文当代英语在线词典
Ox Living Dict


点击管理在线词典",
180,"come down","","该版本不支持扩展词库。购买专业版",
181,"come into being","","该版本不支持扩展词库。购买专业版",
182,"come into effect","","生效，实施",
183,"commence","英:/kə'mens/ 美:/kə'mɛns/","该版本不支持扩展词库。购买专业版",
184,"commensurate","英:/kə'menʃ(ə)rət/ 美:/kə'mɛnʃərət/","- adj. (在时间和空间上)相等的
- 相称的,相当的

名 词:  
commensuration",
185,"commerce","英:/'kɒmɜːs/ 美:/'kɑmɝs/","该版本不支持扩展词库。购买专业版",
186,"commission","英:/kə'mɪʃ(ə)n/ 美:/kə'mɪʃən/","- n. 授权, 委托
- 委员会
- 佣金, 回扣
- vt. 委任, 委托

时 态:  
commissioned, commissioning, commissions",
187,"commonplace","英:/'kɒmənpleɪs/ 美:/'kɑmən'ples/","- adj. 普通的, 平庸的
- n. 陈腔滥调, 老生常谈
- 寻常的事物, 平常的东西",
188,"commutative","英:/kə'mjuːtətɪv/ 美:/kə'mjutətɪv/","adj. 交换的; 代替的

名 词:  
commutativity",
189,"commute","英:/kə'mjuːt/ 美:/kə'mjʊt/","该版本不支持扩展词库。购买专业版",
190,"commuter","英:/kə'mjuːtə(r)/ 美:/kə'mjʊtɚ/","该版本不支持扩展词库。购买专业版",
191,"commuting","/kə'mju:tiŋ/","n.,adj. 交换(的)",
192,"compatible","英:/kəm'pætɪb(ə)l/ 美:/kəm'pætəbl/","adj. 可以并存的, 相容的, 协调的

副 词:  
compatibly",
193,"compel","英:/kəm'pel/ 美:/kəm'pɛl/","该版本不支持扩展词库。购买专业版",
194,"compere","英:/'kɔmpɛə/ 美:/ˈkɑmˌpɛr/","该版本不支持扩展词库。购买专业版",
195,"competence","英:/'kɒmpɪt(ə)ns/ 美:/'kɑmpɪtəns/","- n. 能力, 技能
- (法院的)权限, 管辖权",
196,"complain","英:/kəm'pleɪn/ 美:/kəm'plen/","该版本不支持扩展词库。购买专业版",
197,"compliment","英:/'kɒmplɪm(ə)nt/ 美:/'kɑmpləmənt/","- n. 赞美(话)，恭维(话)
- 向…送礼以表示敬意
- vt. 表扬；恭维

时 态:  
complimented，complimenting，compliments",
198,"composition","英:/kɒmpə'zɪʃ(ə)n/ 美:/ˌkɑmpə'zɪʃən/","- n. 创作，写作，作曲
- 作文，作品
- 构图；构成，成分
- 混合物，合成物",
199,"concatenate","英:/kən'kætɪneɪt/ 美:/kɑn'kætə,net/","- vt. 把 (一系列事件、事情等)联系起来
- adj. 连接的；联系在一起的

时 态:  
concatenated，concatenating，concatenates 

名 词:  
concatenation",
200,"concedes","","Free Dictionary在线词典
韦氏在线词典
必应在线词典
柯林斯在线词典
Urban Dictionary
剑桥词典
Dictionary.com在线词典
朗文当代英语在线词典
Ox Living Dict


点击管理在线词典",
201,"concession","英:/kən'seʃ(ə)n/ 美:/kən'sɛʃən/","- n. 承认, 允许
- 妥协, 让步
- 特许权

形容词:  
concessional

形容词:  
concessionary",
202,"conclusion","英:/kən'kluːʒ(ə)n/ 美:/kən'kluʒn/","- n. 结束, 结尾
- 信念, 意见, 结论",
203,"concoct","英:/kən'kɒkt/ 美:/kən'kɑkt/","该版本不支持扩展词库。购买专业版",
204,"concur","英:/kən'kɜː/ 美:/kən'kɝ/","该版本不支持扩展词库。购买专业版",
205,"condone","英:/kən'dəʊn/ 美:/kən'don/","该版本不支持扩展词库。购买专业版",
206,"conducive","英:/kən'djuːsɪv/ 美:/kən'dusɪv/","adj. 导致…的, 有助于…的",
207,"conduct","英:/'kɒndʌkt/ 美:/kən'dʌkt/","该版本不支持扩展词库。购买专业版",
208,"conductor","英:/kən'dʌktə/ 美:/kən'dʌktɚ/","- n. (乐队)指挥
- 售票员, 列车长
- 〈电〉导体",
209,"confidential","英:/kɒnfɪ'denʃ(ə)l/ 美:/ˌkɑnfɪ'dɛnʃl/","- adj. 秘密的, 机密的
- 表示信任或亲密的
- 担任机密工作的

名 词:  
confidentiality

副 词:  
confidentially",
210,"configurations","","Free Dictionary在线词典
韦氏在线词典
必应在线词典
柯林斯在线词典
Urban Dictionary
剑桥词典
Dictionary.com在线词典
朗文当代英语在线词典
Ox Living Dict


点击管理在线词典",
211,"confine","英:/kən'faɪn/ 美:/kən'faɪn/","该版本不支持扩展词库。购买专业版",
212,"conflict","英:/'kɒnflɪkt/ 美:/'kɑnflɪkt/","该版本不支持扩展词库。购买专业版",
213,"conicoid","/'kɔnikɔid/","n. 二次曲面",
214,"connectivity","英:/ˌkɔnek'tivəti/ 美:/ˌkɑnɛkˈtɪvɪti/","n. 连通性",
215,"conquistador","英:/kɒn'kwɪstədɔː/ 美:/kɑn'kwɪstədɔr/","该版本不支持扩展词库。购买专业版",
216,"consecrate","英:/'kɒnsɪkreɪt/ 美:/ˈkɑnsɪˌkret/","- vt. 把…奉为神圣；给…祝圣
- 奉献

时 态:  
consecrated，consecrating，consecrates 

形容词:  
consecratory",
217,"consecrated","/'kənsə,kreitid/","adj. 神圣的,被视为神圣的",
218,"consensus","英:/kən'sensəs/ 美:/kən'sɛnsəs/","n. (意见等)一致, 一致同意",
219,"consequence","英:/'kɒnsɪkw(ə)ns/ 美:/'kɑnsəkwɛns/","- n. 结果, 后果
- 重要(性), 重大",
220,"conservation","英:/kɒnsə'veɪʃ(ə)n/ 美:/ˌkɑnsɚ'veʃən/","- n. 保存, 保护, 避免浪费
- 对自然环境的保护",
221,"constellation","英:/ˌkɒnstə'leɪʃ(ə)n/ 美:/ˌkɑnstə'leʃən/","- n. 星座
- 一群杰出人物",
222,"constructionist","英:/kən'strʌkʃ(ə)nɪst/ 美:/kən'strʌkʃənɪst/","n. 法令解释者,美国宪法解释者",
223,"contagious","英:/kən'teɪdʒəs/ 美:/kən'tedʒəs/","- adj. (病)有传染性的
- (人)患传染病的
- 有感染力的

副 词:  
contagiously",
224,"container","英:/kən'teɪnə/ 美:/kən'tenɚ/","- n. 容器
- 集装箱, 货柜",
225,"contemporary","英:/kən'temp(ə)r(ər)ɪ/ 美:/kən'tɛmpərɛri/","- adj. 当代的
- 同时代的, 同属一个时期的
- n. 同代人, 同龄人",
226,"contentedly","英:/kən'tentidli/ 美:/kənˈt ɛntɪdlɪ/","adv. 满足地;安心地",
227,"contrary","英:/'kɒntrərɪ/ 美:/'kɑntrɛri/","该版本不支持扩展词库。购买专业版",
228,"controversial","英:/kɒntrə'vɜːʃ(ə)l/ 美:/ˌkɑntrə'vɝʃl/","adj. 有争议的, 引起争议的

名 词:  
controversialist

名 词:  
controversiality",
229,"converse","英:/kən'vɜːs/ 美:/kən'vɝs/","该版本不支持扩展词库。购买专业版",
230,"cordially","英:/ˌkɔ:djəli/ 美:/ˈk ɔrd ʒəlɪ/","adv. 热诚地,诚挚地,友善地",
231,"corporate","英:/'kɔːp(ə)rət/ 美:/'kɔrpərət/","adj. 社团的, 法人的

副 词:  
corporately",
232,"corruption","英:/kə'rʌpʃ(ə)n/ 美:/kə'rʌpʃən/","- n. 堕落;腐化;腐败;贿赂
- 腐烂",
233,"couch potato","","该版本不支持扩展词库。购买专业版",
234,"council","英:/'kaʊns(ə)l/ 美:/'kaʊnsl/","该版本不支持扩展词库。购买专业版",
235,"councilman","英:/'kaʊns(ə)lmən/ 美:/'kaʊnslmən/","n. 议员,市议会议员",
236,"counterintuitive","英:/ˌkaʊntərɪn'tjuːɪtɪv/ 美:/ˌkaʊntərɪn'tʊɪtɪv/","adj. 违反直觉的",
237,"counterproductive","英:/ˌkaʊntəprə'dʌktɪv/ 美:/ˌkaʊntɚprə'dʌktɪv/","adj. 反生产的,使达不到预期目标的",
238,"court","英:/kɔːt/ 美:/kɔrt/","该版本不支持扩展词库。购买专业版",
239,"cradle","英:/'kreɪd(ə)l/ 美:/'kredl/","该版本不支持扩展词库。购买专业版",
240,"crater","英:/'kreɪtə/ 美:/ˈkreɪtər/","该版本不支持扩展词库。购买专业版",
241,"credence","英:/'kriːd(ə)ns/ 美:/'kridns/","该版本不支持扩展词库。购买专业版",
242,"credentials","/krə'dɛnʃlz/","- n. 资格证书; 国书
- (任何证明人的能力、资格等的)证书; 资格",
243,"crew","英:/kruː/ 美:/krʊ/","该版本不支持扩展词库。购买专业版",
244,"crook","英:/krʊk/ 美:/krʊk/","该版本不支持扩展词库。购买专业版",
245,"cross-section","英:/'krɔs,sekʃən/ 美:/ˈkrɔsˈsɛkʃən/","- n. 横断面
- 横截面图",
246,"crown","英:/kraʊn/ 美:/kraʊn/","该版本不支持扩展词库。购买专业版",
247,"cruel","英:/krʊəl/ 美:/'kruəl/","该版本不支持扩展词库。购买专业版",
248,"cruise","英:/kruːz/ 美:/krʊz/","该版本不支持扩展词库。购买专业版",
249,"crust","英:/krʌst/ 美:/krʌst/","该版本不支持扩展词库。购买专业版",
250,"cry","英:/kraɪ/ 美:/kraɪ/","该版本不支持扩展词库。购买专业版",
251,"crystalline","英:/'krɪst(ə)laɪn/ 美:/'krɪstə'laɪn/","- adj. 水晶的；似水晶的；结晶质的
- n. 结晶性，结晶度

名 词:  
crystallinity",
252,"cues","/kju:z/","n. 开端，线索；球杆；提示，关键；诱因（cue的复数形式）",
253,"culling","/'kʌliŋ/","n. 选择；大批物品中剔出劣质货",
254,"culture","英:/'kʌltʃə/ 美:/'kʌltʃɚ/","该版本不支持扩展词库。购买专业版",
255,"cumbersome","英:/'kʌmbəs(ə)m/ 美:/ˈkʌmbəsəm/","adj. 沉重的, 笨重的, 转动不灵的",
256,"curb","英:/kɜːb/ 美:/kɝb/","该版本不支持扩展词库。购买专业版",
257,"curmudgeon","英:/kɜː'mʌdʒ(ə)n/ 美:/kɝ'mʌdʒən/","n. 坏脾气的人,吝啬鬼,守财奴

形容词:  
curmudgeonly",
258,"cusp","英:/kʌsp/ 美:/kʌsp/","该版本不支持扩展词库。购买专业版",
259,"damp","英:/dæmp/ 美:/dæmp/","该版本不支持扩展词库。购买专业版",
260,"dangle","英:/'dæŋg(ə)l/ 美:/'dæŋɡl/","该版本不支持扩展词库。购买专业版",
261,"daring","英:/'dεəriŋ/ 美:/ˈdɛrɪŋ/","该版本不支持扩展词库。购买专业版",
262,"dart","英:/dɑːt/ 美:/dɑrt/","该版本不支持扩展词库。购买专业版",
263,"deaf","英:/def/ 美:/dɛf/","该版本不支持扩展词库。购买专业版",
264,"dealer","英:/'diːlə/ 美:/'dilɚ/","该版本不支持扩展词库。购买专业版",
265,"debt","英:/det/ 美:/dɛt/","该版本不支持扩展词库。购买专业版",
266,"deceive","英:/dɪ'siːv/ 美:/dɪ'siv/","该版本不支持扩展词库。购买专业版",
267,"decimate","英:/'desɪmeɪt/ 美:/'dɛsə,met/","该版本不支持扩展词库。购买专业版",
268,"decisive","英:/dɪ'saɪsɪv/ 美:/dɪ'saɪsɪv/","该版本不支持扩展词库。购买专业版",
269,"dedicate","英:/'dedɪkeɪt/ 美:/'dɛdɪket/","该版本不支持扩展词库。购买专业版",
270,"dedicated","英:/ˈdedɪˌkeɪtɪd/ 美:/'dɛdə'ketɪd/","- adj. 专注的;献身的
- 专用的",
271,"dedicated to","","参考翻译 [复制] [查看]
正在获取,请稍候...









Free Dictionary在线词典
韦氏在线词典
必应在线词典
柯林斯在线词典
Urban Dictionary
剑桥词典
Dictionary.com在线词典
朗文当代英语在线词典
Ox Living Dict


点击管理在线词典",
272,"default","英:/dɪ'fɔːlt/ 美:/dɪ'fɔlt/","该版本不支持扩展词库。购买专业版",
273,"deliberate","英:/dɪ'lɪb(ə)rət/ 美:/dɪ'lɪbərət/","- adj. 故意的, 蓄意的
- 慎重的, 深思熟虑的
- 不慌不忙的, 从容不迫的
- vt. & vi. 仔细考虑
- 研讨, 商讨

时 态:  
deliberated, deliberating, deliberates  

副 词:  
deliberately",
274,"deliberation","英:/dɪ,lɪbə'reɪʃ(ə)n/ 美:/dɪ,lɪbə'reʃən/","该版本不支持扩展词库。购买专业版",
275,"delinquent","英:/dɪ'lɪŋkw(ə)nt/ 美:/dɪ'lɪŋkwənt/","- adj. 违法的；有过失的
- (债务、账目等)拖欠的，到期未付的
- n. (尤指青少年)有过失的人，违法的人",
276,"delve","英:/delv/ 美:/dɛlv/","该版本不支持扩展词库。购买专业版",
277,"demeanor","英:/di'mi:nə/ 美:/dɪˈminɚ/","该版本不支持扩展词库。购买专业版",
278,"demon","英:/'diːmən/ 美:/'dimən/","该版本不支持扩展词库。购买专业版",
279,"demystify","英:/diː'mɪstɪfaɪ/ 美:/ˌdi'mɪstɪfaɪ/","vt. 使非神秘化

时 态:  
demystified, demystifying, demystifies 

名 词:  
demystification",
280,"dense","英:/dens/ 美:/dɛns/","该版本不支持扩展词库。购买专业版",
281,"departure","英:/dɪ'pɑːtʃə/ 美:/dɪ'pɑrtʃɚ/","n. 离开, 离去",
282,"dependable","英:/dɪ'pendəb(ə)l/ 美:/dɪ'pɛndəbl/","adj. 可信赖的,可靠的

副 词:  
dependably",
283,"deposit","英:/dɪ'pɒzɪt/ 美:/dɪ'pɑzɪt/","该版本不支持扩展词库。购买专业版",
284,"deputy","英:/'depjʊtɪ/ 美:/'dɛpjuti/","该版本不支持扩展词库。购买专业版",
285,"description","英:/dɪ'skrɪpʃ(ə)n/ 美:/dɪ'skrɪpʃən/","- n. 描述, 形容
- 种类, 类型",
286,"desperately","英:/'despərətli/ 美:/ˈd ɛspərɪtlɪ/","- adv. 绝望地；不顾一切地，拼命地
- 极度地；猛烈地",
287,"despondent","英:/dɪ'spɒnd(ə)nt/ 美:/dɪ'spɑndənt/","adj. 沮丧的,泄气的

副 词:  
despondently",
288,"destruction","英:/dɪ'strʌkʃ(ə)n/ 美:/dɪ'strʌkʃən/","n. 破坏, 毁灭, 消灭",
289,"deteriorate","英:/dɪ'tɪərɪəreɪt/ 美:/dɪ'tɪrɪəret/","vi. 恶化, 变坏

时 态:  
deteriorated, deteriorating, deteriorates 

名 词:  
deterioration

形容词:  
deteriorative",
290,"devise","英:/dɪ'vaɪz/ 美:/dɪ'vaɪz/","该版本不支持扩展词库。购买专业版",
291,"dial","英:/ˈdaiəl/ 美:/'daɪəl/","该版本不支持扩展词库。购买专业版",
292,"dichotomic","/ˌdaikə'tɔmik/","adj. 分成两个的,叉状分枝的",
293,"difference","英:/'dɪf(ə)r(ə)ns/ 美:/'dɪfrəns/","该版本不支持扩展词库。购买专业版",
294,"dignity","英:/'dɪgnɪtɪ/ 美:/'dɪɡnəti/","该版本不支持扩展词库。购买专业版",
295,"dilute","英:/daɪ'l(j)uːt/ 美:/dɪ'ljʊt/","该版本不支持扩展词库。购买专业版",
296,"diphthong","英:/'dɪfθɒŋ/ 美:/'dɪfθɑŋ/","n. 双元音

形容词:  
diphthongal",
297,"discernible","英:/dɪˈsɜ:nəbəl/ 美:/dɪ'zɝnəbl/","adj. 可识别的",
298,"discipline","英:/'dɪsɪplɪn/ 美:/'dɪsəplɪn/","- vt. 训练, 训导
- 处罚, 惩罚
- n. 训练, 锻炼, 训导
- 纪律
- 处罚, 处分
- 学科

时 态:  
disciplined, disciplining, disciplines 

形容词:  
disciplinal",
299,"disconnecting","/ˌdiskə'nektiŋ/","n. 拆开,解脱,分离",
300,"discourse","英:/'dɪskɔːs/ 美:/ˈdɪskɔrs /","- n. 论文；演说；讲道
- vi. 讲述，著述

时 态:  
discoursed，discoursing，discourses",
301,"discrete","英:/dɪ'skriːt/ 美:/dɪ'skrit/","该版本不支持扩展词库。购买专业版",
302,"dislike","英:/dɪs'laɪk/ 美:/dɪs'laɪk/","该版本不支持扩展词库。购买专业版",
303,"disorderly conduct","","该版本不支持扩展词库。购买专业版",
304,"disparage","英:/dɪ'spærɪdʒ/ 美:/dɪ'spærɪdʒ/","vt. 轻视，贬低；批评，非难

时 态:  
disparaged，disparaging，disparages 

名 词:  
disparagement

名 词:  
disparager

副 词:  
disparagingly",
305,"disparity","英:/dɪ'spærɪtɪ/ 美:/dɪ'spærəti/","n. 不同，不等；不一致；悬殊",
306,"displace","英:/dɪs'pleɪs/ 美:/dɪs'ples/","该版本不支持扩展词库。购买专业版",
307,"disproportionate","英:/ˌdɪsprə'pɔːʃ(ə)nət/ 美:/ˌdɪsprəˈpɔrʃənɪt/","adj. 不相称的, 不成比例的, 不均匀的

副 词:  
disproportionately",
308,"disreputable","英:/dɪs'repjʊtəb(ə)l/ 美:/dɪs'rɛpjətəbl/","adj. 名誉不好的;不体面的",
309,"dissuade","英:/dɪ'sweɪd/ 美:/dɪ'swed/","该版本不支持扩展词库。购买专业版",
310,"distort","英:/dɪ'stɔːt/ 美:/dɪ'stɔrt/","该版本不支持扩展词库。购买专业版",
311,"distract","英:/dɪ'strækt/ 美:/dɪ'strækt/","该版本不支持扩展词库。购买专业版",
312,"district","英:/'dɪstrɪkt/ 美:/'dɪstrɪkt/","该版本不支持扩展词库。购买专业版",
313,"disturb","英:/dɪ'stɜːb/ 美:/dɪ'stɝb/","该版本不支持扩展词库。购买专业版",
314,"disturbance","英:/dɪ'stɜːb(ə)ns/ 美:/dɪ'stɝbəns/","- n. 打扰, 扰乱
- 骚乱, 纷乱
- 困扰",
315,"diverter","/dai'və:tə/","n. 分[析]流器,分流调节器,分流电阻,转向器,翻转器,(推力)换向器",
316,"document","英:/'dɒkjʊm(ə)nt/ 美:/ˈdɑkjəmənt/","该版本不支持扩展词库。购买专业版",
317,"doomsday","英:/'duːmzdeɪ/ 美:/'dumzde/","该版本不支持扩展词库。购买专业版",
318,"dose","英:/dəʊs/ 美:/dos/","该版本不支持扩展词库。购买专业版",
319,"draft","英:/drɑːft/ 美:/dræft/","该版本不支持扩展词库。购买专业版",
320,"drag","英:/dræg/ 美:/dræɡ/","该版本不支持扩展词库。购买专业版",
321,"drama","英:/'drɑːmə/ 美:/'drɑmə/","该版本不支持扩展词库。购买专业版",
322,"drapery","英:/'dreɪp(ə)rɪ/ 美:/'drepəri/","该版本不支持扩展词库。购买专业版",
323,"drawer","英:/drɔː/ 美:/drɔr/","该版本不支持扩展词库。购买专业版",
324,"drawn-out","/'drɔ:n'aut/","adj. 延长的,持续很久的",
325,"dreamy","英:/'driːmɪ/ 美:/'drimi/","该版本不支持扩展词库。购买专业版",
326,"dressing gown","","该版本不支持扩展词库。购买专业版",
327,"dribbling","/'dribliŋ/","n. (燃料或油从系统内)漏泄",
328,"drift apart","","Free Dictionary在线词典
韦氏在线词典
必应在线词典
柯林斯在线词典
Urban Dictionary
剑桥词典
Dictionary.com在线词典
朗文当代英语在线词典
Ox Living Dict


点击管理在线词典",
329,"dull","英:/dʌl/ 美:/dʌl/","该版本不支持扩展词库。购买专业版",
330,"dumped","","v. 扔掉；（为逃跑而）急忙放下；推卸；（非正式）抛弃（某人）；（非正式）抛售；卸出（数据）；（向国外）倾销；乱放；与（某人）结束恋爱关系；（内存信息）转储（dump 的过去式及过去分词）",
331,"dustman","英:/'dʌs(t)mən/ 美:/'dʌstmən/","该版本不支持扩展词库。购买专业版",
332,"dwelling","英:/'dwelɪŋ/ 美:/'dwɛlɪŋ/","该版本不支持扩展词库。购买专业版",
333,"dynasty","英:/'dɪnəstɪ/ 美:/'daɪnəsti/","该版本不支持扩展词库。购买专业版",
334,"earnest","英:/'ɜːnɪst/ 美:/ˈɚnɪst/","该版本不支持扩展词库。购买专业版",
335,"eavesdropper","/'i:vz,drɔpə/","n. 偷听者",
336,"eavesdropping","/'ivz,drɑpɪŋ/","n. 偷听",
337,"echo","英:/ˈekəu/ 美:/ˈɛko/","该版本不支持扩展词库。购买专业版",
338,"eddy","英:/'edɪ/ 美:/'ɛdi/","该版本不支持扩展词库。购买专业版",
339,"egalitarian","英:/ɪ,gælɪ'teərɪən/ 美:/ɪ'gælə'tɛrɪən/","- adj. 主张平等的,平等主义的
- n. 平等主义

名 词:  
egalitarian

名 词:  
egalitarianism",
340,"Egypt","英:/ˈi:dʒɪpt/ 美:/ˈidʒɪpt/","该版本不支持扩展词库。购买专业版",
341,"eigenstate","/'aiɡən,steit/","特性态;特征态;本征态;能态",
342,"elaborate","英:/ɪ'læb(ə)rət/ 美:/ɪ'læbəret/","- vi. 详尽说明
- vt. 详细制定
- adj. 复杂的；精心制作的

时 态:  
elaborated，elaborating，elaborates  

副 词:  
elaborately

名 词:  
elaboration

名 词:  
elaborator",
343,"elbow","英:/'elbəʊ/ 美:/'ɛlbo/","该版本不支持扩展词库。购买专业版",
344,"electoral","英:/ɪ'lekt(ə)r(ə)l/ 美:/ɪ'lɛktərəl/","adj. 选举的;选举人的",
345,"eliminate","英:/ɪ'lɪmɪneɪt/ 美:/ɪ'lɪmɪnet/","- vt. 消除, 排除
- 忽略
- 淘汰
- 〈口〉干掉

时 态:  
eliminated, eliminating, eliminates 

名 词:  
elimination

名 词:  
eliminator",
346,"emanate","英:/'eməneɪt/ 美:/ˈɛməˌnet/","该版本不支持扩展词库。购买专业版",
347,"ember","英:/'embə/ 美:/'ɛmbɚ/","该版本不支持扩展词库。购买专业版",
348,"embodiment","英:/ɪm'bɒdɪmənt/ 美:/ɪm'bɑdɪmənt/","n. 体现;化身",
349,"emcee","英:/em'siː/ 美:/ɛm'si/","该版本不支持扩展词库。购买专业版",
350,"empathy","英:/'empəθɪ/ 美:/'ɛmpəθi/","该版本不支持扩展词库。购买专业版",
351,"emperor","英:/'emp(ə)rə/ 美:/'ɛmpərɚ/","该版本不支持扩展词库。购买专业版",
352,"enact","英:/ɪ'nækt/ 美:/ɪ'nækt/","该版本不支持扩展词库。购买专业版",
353,"endeavour","英:/in'devə/ 美:/ɛnˈdɛvɚ/","n. 〈英〉尽力,竭力",
354,"energize","英:/'enədʒaɪz/ 美:/'ɛnɚdʒaɪz/","该版本不支持扩展词库。购买专业版",
355,"engraver","/ɪn'ɡrevɚ/","该版本不支持扩展词库。购买专业版",
356,"enterprising","英:/'entəpraɪzɪŋ/ 美:/'ɛntɚpraɪzɪŋ/","adj.  有事业心的；有进取心的；有魄力的；有胆量的",
357,"enumerate","英:/ɪ'njuːməreɪt/ 美:/ɪ'numəret/","vt. 列举，枚举；数

时 态:  
enumerated，enumerating，enumerates 

名 词:  
enumeration

形容词:  
enumerative

名 词:  
enumerator",
358,"envelope","英:/'envələʊp/ 美:/ˈɛnvəˌlop/","该版本不支持扩展词库。购买专业版",
359,"enzyme","英:/'enzaɪm/ 美:/'ɛnzaɪm/","该版本不支持扩展词库。购买专业版",
360,"epicenter","英:/ˈepɪˌsentə/ 美:/'ɛpɪ,sɛntɚ/","n. 震中，中心；集中点

形容词:  
epicentral",
361,"episode","英:/'epɪsəʊd/ 美:/'ɛpɪsod/","该版本不支持扩展词库。购买专业版",
362,"epitaxy","英:/'epɪtæksɪ/ 美:/'ɛpɪ,tæksi/","该版本不支持扩展词库。购买专业版",
363,"equalised","","Free Dictionary在线词典
韦氏在线词典
必应在线词典
柯林斯在线词典
Urban Dictionary
剑桥词典
Dictionary.com在线词典
朗文当代英语在线词典
Ox Living Dict


点击管理在线词典",
364,"equatorial","英:/ˌekwə'tɔːrɪəl/ 美:/ˌɛkwə'tɔrɪəl/","- adj. 赤道的,赤道附近的
- adv. 赤道地",
365,"equilibrium","英:/ˌiːkwɪ'lɪbrɪəm/ 美:/ˌikwɪ'lɪbrɪəm/","- n. 平衡,均势
- (心情、感情等)平静",
366,"equivocal","英:/ɪ'kwɪvək(ə)l/ 美:/ɪ'kwɪvəkl/","- adj. 模棱两可的,意义不明的
- 模糊的,含糊的,不定的
-  (指人等)不可靠的

名 词:  
equivocality

副 词:  
equivocally",
367,"era","英:/'ɪərə/ 美:/'ɪrə/","该版本不支持扩展词库。购买专业版",
368,"errata","英:/e'rɑːtə/ 美:/ɪˈrɑtə/","n. 正误表,勘误表",
369,"erroneous","英:/ɪ'rəʊnɪəs/ 美:/ɪ'ronɪəs/","adj. 〈正〉错误的, 不正确的

副 词:  
erroneously",
370,"espresso","英:/e'spresəʊ/ 美:/ɛ'sprɛso/","该版本不支持扩展词库。购买专业版",
371,"etch","英:/etʃ/ 美:/ɛtʃ/","该版本不支持扩展词库。购买专业版",
372,"eternal","英:/ɪ'tɜːn(ə)l/ 美:/ɪ'tɝnl/","该版本不支持扩展词库。购买专业版",
373,"etymology","英:/ˌetɪ'mɒlədʒɪ/ 美:/ˌɛtɪ'mɑlədʒi/","n. 词源学;词源说明",
374,"evacuate","英:/ɪ'vækjʊeɪt/ 美:/ɪ'vækjuet/","该版本不支持扩展词库。购买专业版",
375,"evacuee","英:/ɪ,vækjuː'iː/ 美:/ɪ'vækjʊ'i/","该版本不支持扩展词库。购买专业版",
376,"evening","英:/'iːv(ə)nɪŋ/ 美:/'ivnɪŋ/","该版本不支持扩展词库。购买专业版",
377,"every rose had thorn","","Free Dictionary在线词典
韦氏在线词典
必应在线词典
柯林斯在线词典
Urban Dictionary
剑桥词典
Dictionary.com在线词典
朗文当代英语在线词典
Ox Living Dict


点击管理在线词典",
378,"every so often","","该版本不支持扩展词库。购买专业版",
379,"Everyone carried out sentry duty fully armed","","Free Dictionary在线词典
韦氏在线词典
必应在线词典
柯林斯在线词典
Urban Dictionary
剑桥词典
Dictionary.com在线词典
朗文当代英语在线词典
Ox Living Dict


点击管理在线词典",
380,"exactly","英:/ɪg'zæk(t)lɪ/ 美:/ɪɡ'zæktli/","该版本不支持扩展词库。购买专业版",
381,"excerpts","/'eksə:pt/","n. 摘由，节选（excerpt复数形式）",
382,"excessive","英:/ɪk'sesɪv/ 美:/ɪkˈsɛsɪv/","adj. 过度的，过分的；极度的

副 词:  
excessively",
383,"excitation","英:/ˌeksɪ'teɪʃ(ə)n/ 美:/ˌɛksaɪ'teʃən/","- n. 惹起，激发
- 激动；兴奋
- (由刺激引起的器官、组织等的)应激反应
- 励磁
- 集电(对电子管或半导体控制电极加载信号电压)
- (原子获得高能量的)激发(过程)",
384,"exclamatory","英:/ɪk'sklæmət(ə)rɪ/ 美:/ɪkˈsklæməˌtɔri/","adj. 叫喊的,感叹的,惊叹的",
385,"excuse","英:/ɪk'skjuːz/ 美:/ɪkˈskjuz/","该版本不支持扩展词库。购买专业版",
386,"exercise","英:/'eksəsaɪz/ 美:/'ɛksɚsaɪz/","该版本不支持扩展词库。购买专业版",
387,"exhibit","英:/ɪg'zɪbɪt/ 美:/ɪɡ'zɪbɪt/","该版本不支持扩展词库。购买专业版",
388,"exotic","英:/ɪg'zɒtɪk/ 美:/ɪɡ'zɑtɪk/","该版本不支持扩展词库。购买专业版",
389,"expanse","英:/ɪk'spæns/ 美:/ɪk'spæns/","该版本不支持扩展词库。购买专业版",
390,"expat","英:/ˌeks'pæt/ 美:/ˈɛksˈpet/","- v. 逐出国外，脱离国籍，放逐；移居国外
- n. 亡命国外者",
391,"expedition","英:/ekspɪ'dɪʃ(ə)n/ 美:/ˌɛkspə'dɪʃən/","- n. 远征；探险；考察
- 迅速，动作敏捷",
392,"exploit","英:/ɪk'splɒɪt/ 美:/ɪkˈsplɔɪt/","该版本不支持扩展词库。购买专业版",
393,"extended","英:/ɪk'stendɪd/ 美:/ɪk'stɛndɪd/","该版本不支持扩展词库。购买专业版",
394,"exteriors","","Free Dictionary在线词典
韦氏在线词典
必应在线词典
柯林斯在线词典
Urban Dictionary
剑桥词典
Dictionary.com在线词典
朗文当代英语在线词典
Ox Living Dict


点击管理在线词典",
395,"extraction","英:/ɪk'strækʃ(ə)n/ 美:/ɪk'strækʃən/","- n. 取出，拔出；开采
- 拔牙
- 血统，家世",
396,"extrapolation","英:/ek,stræpə'leiʃən/ 美:/ɪkˌstræpəˈleʃən/","- n. 推断
- 外推(法)",
397,"fabricate","英:/'fæbrɪkeɪt/ 美:/ˈfæbrɪkeɪt/","- vt. 编造，捏造，虚构；伪造
- 建造

时 态:  
fabricated，fabricating，fabricates 

名 词:  
fabrication

名 词:  
fabricator",
398,"facilitate","英:/fə'sɪlɪteɪt/ 美:/fə'sɪlə'tet/","vt. 使便利, 减轻…的困难

时 态:  
facilitated, facilitating, facilitates 

名 词:  
facilitator",
399,"faecal","英:/ˈfi:kəl/ 美:/'fikl/","该版本不支持扩展词库。购买专业版",
400,"fallacy","英:/'fæləsɪ/ 美:/'fæləsi/","该版本不支持扩展词库。购买专业版",
401,"falsify","英:/'fɔːlsɪfaɪ/ 美:/'fɔlsɪfaɪ/","该版本不支持扩展词库。购买专业版",
402,"famine","英:/'fæmɪn/ 美:/'fæmɪn/","该版本不支持扩展词库。购买专业版",
403,"fancy","英:/'fænsɪ/ 美:/'fænsi/","该版本不支持扩展词库。购买专业版",
404,"fanwise","/'fænwaɪz/","- adv. 呈扇形展开地
- adj. 呈扇形展开的",
405,"fatigue","英:/fə'tiːg/ 美:/fə'tig/","该版本不支持扩展词库。购买专业版",
406,"feasibility","英:/ˌfi:zə'biliti/ 美:/ˌfizəˈbɪlətɪ/","n. 可行性",
407,"feasible","英:/ˈfiːzəbl/ 美:/'fizəbl/","该版本不支持扩展词库。购买专业版",
408,"feature","英:/'fiːtʃə/ 美:/'fitʃɚ/","该版本不支持扩展词库。购买专业版",
409,"featureless","英:/ˈfi:tʃəlis/ 美:/'fitʃɚləs/","adj. 无特色的,平凡的",
410,"feed","英:/fiːd/ 美:/fid/","该版本不支持扩展词库。购买专业版",
411,"feed on","","用...喂养，靠吃...过活, 以...为能源",
412,"fermentation","英:/fɜːmen'teɪʃ(ə)n/ 美:/ˌfɝmɛn'teʃən/","- n. 发酵
- 激动, 纷扰",
413,"ferocious","英:/fə'rəʊʃəs/ 美:/fə'roʃəs/","adj. 凶猛的, 残忍的, 凶暴的

副 词:  
ferociously",
414,"fidelity","英:/fɪ'delɪtɪ/ 美:/fɪ'dɛləti/","该版本不支持扩展词库。购买专业版",
415,"fieldwork","英:/'fiːldwɜːk/ 美:/'fild'wɝk/","n. 野战工事,野外工作,实地调查,现场工作

名 词:  
fieldworker",
416,"fillings","/'filiŋ/","n. 填料；充填料；馅料（filling的复数形式）",
417,"finance","英:/faɪ'næns/ 美:/'faɪnæns/","该版本不支持扩展词库。购买专业版",
418,"firstname","","n. 名",
419,"fishy","英:/'fɪʃɪ/ 美:/'fɪʃi/","该版本不支持扩展词库。购买专业版",
420,"fist","英:/fɪst/ 美:/fɪst/","该版本不支持扩展词库。购买专业版",
421,"flake","英:/fleɪk/ 美:/flek/","该版本不支持扩展词库。购买专业版",
422,"flat","英:/flæt/ 美:/flæt/","该版本不支持扩展词库。购买专业版",
423,"flavor","英:/ˈfleɪvə/ 美:/ˈfleɪvər/","该版本不支持扩展词库。购买专业版",
424,"flaw","英:/flɔː/ 美:/flɔ/","该版本不支持扩展词库。购买专业版",
425,"flee","英:/fliː/ 美:/fli/","该版本不支持扩展词库。购买专业版",
426,"fleet","英:/fliːt/ 美:/flit/","该版本不支持扩展词库。购买专业版",
427,"flimsy","英:/'flɪmzɪ/ 美:/'flɪmzi/","该版本不支持扩展词库。购买专业版",
428,"flinch","英:/'flɪn(t)ʃ/ 美:/flɪntʃ/","该版本不支持扩展词库。购买专业版",
429,"floorplan","","平[楼]面布置图",
430,"flour","英:/'flaʊə/ 美:/'flaʊɚ/","该版本不支持扩展词库。购买专业版",
431,"flourish","英:/'flʌrɪʃ/ 美:/'flɝɪʃ/","该版本不支持扩展词库。购买专业版",
432,"flowery","英:/'flaʊərɪ/ 美:/ˈflaʊəri/","该版本不支持扩展词库。购买专业版",
433,"foot","英:/fʊt/ 美:/fʊt/","该版本不支持扩展词库。购买专业版",
434,"formalism","英:/'fɔːm(ə)lɪz(ə)m/ 美:/'fɔrməlɪzəm/","- n. (艺术、宗教等方面的)形式主义
- adj. 形式主义的

形容词:  
formalist

形容词:  
formalistic",
435,"formidable","英:/'fɔːmɪdəb(ə)l/ 美:/'fɔrmɪdəbl/","该版本不支持扩展词库。购买专业版",
436,"formulae","/'fɔrmjəli/","公式,规则,客套语(formula的复数)",
437,"formulate","英:/'fɔːmjʊleɪt/ 美:/'fɔrmjə'let/","- vt. 构想出, 规划
- 确切地阐述

时 态:  
formulated, formulating, formulates 

名 词:  
formulation

名 词:  
formulator",
438,"fortune","英:/'fɔːtʃuːn/ 美:/'fɔrtʃən/","该版本不支持扩展词库。购买专业版",
439,"foster","英:/ˈfɔstə/ 美:/ˈfɔstɚ/","该版本不支持扩展词库。购买专业版",
440,"fourth","英:/fɔːθ/ 美:/fɔrθ/","该版本不支持扩展词库。购买专业版",
441,"frail","英:/freɪl/ 美:/frel/","该版本不支持扩展词库。购买专业版",
442,"frantically","英:/'fræntikəli/ 美:/ˈfræntɪklɪ/","adv. 疯狂地;狂热地",
443,"frenetic","英:/frə'netɪk/ 美:/frə'nɛtɪk/","该版本不支持扩展词库。购买专业版",
444,"frontier","英:/'frʌntɪə/ 美:/frʌn'tɪr/","该版本不支持扩展词库。购买专业版",
445,"frontispiece","英:/'frʌntɪspiːs/ 美:/'frʌntɪspis/","n. 卷首插画,标题页,正面,正门",
446,"frost","英:/frɔst/ 美:/frɔst/","该版本不支持扩展词库。购买专业版",
447,"frostbite","英:/'frɒs(t)baɪt/ 美:/'frɔst'baɪt/","n. 冻伤

时 态:  
frostbit 
frostbitten 
frostbiting, frostbites",
448,"fruity","英:/'fruːtɪ/ 美:/'fruti/","该版本不支持扩展词库。购买专业版",
449,"frustrate","英:/frʌ'streɪt/ 美:/'frʌstret/","- vt. 使不成功, 挫败, 阻止
- 使受挫折, 令人沮丧

时 态:  
frustrated, frustrating, frustrates",
450,"frustrating","英:/frʌˈstreɪtɪŋ/ 美:/'frʌstretɪŋ/","adj. 产生挫折的；使人沮丧的，令人泄气的",
451,"fumble","英:/'fʌmb(ə)l/ 美:/'fʌmbl/","该版本不支持扩展词库。购买专业版",
452,"furniture","英:/'fɜːnɪtʃə/ 美:/'fɝnɪtʃɚ/","n. 家具",
453,"furry","英:/'fɜːrɪ/ 美:/ˈfə..ri/","该版本不支持扩展词库。购买专业版",
454,"gap","英:/gæp/ 美:/ɡæp/","该版本不支持扩展词库。购买专业版",
455,"gape","英:/geɪp/ 美:/ɡep/","该版本不支持扩展词库。购买专业版",
456,"gasoline","英:/'gæsəliːn/ 美:/ˈɡæsəˌlin/","该版本不支持扩展词库。购买专业版",
457,"gasp","英:/gɑːsp/ 美:/ɡæsp/","该版本不支持扩展词库。购买专业版",
458,"gear","英:/gɪə/ 美:/ɡɪr/","该版本不支持扩展词库。购买专业版",
459,"genocide","英:/'dʒenəsaɪd/ 美:/'dʒɛnəsaɪd/","该版本不支持扩展词库。购买专业版",
460,"genus","英:/'dʒiːnəs/ 美:/'dʒinəs/","该版本不支持扩展词库。购买专业版",
461,"get about","","该版本不支持扩展词库。购买专业版",
462,"get ahead","","该版本不支持扩展词库。购买专业版",
463,"get injured","","Free Dictionary在线词典
韦氏在线词典
必应在线词典
柯林斯在线词典
Urban Dictionary
剑桥词典
Dictionary.com在线词典
朗文当代英语在线词典
Ox Living Dict


点击管理在线词典",
464,"giggle","英:/'gɪg(ə)l/ 美:/'ɡɪɡl/","该版本不支持扩展词库。购买专业版",
465,"give off","","vt. 发出(光等), 放出, 散发",
466,"glamorous","英:/'glæmərəs/ 美:/'glæmərəs/","adj. 富有魅力的;迷人的",
467,"gleaming","英:/'gli:miŋ/ 美:/ ˈɡlimɪŋ/","该版本不支持扩展词库。购买专业版",
468,"goose","英:/guːs/ 美:/ɡus/","该版本不支持扩展词库。购买专业版",
469,"gouge","英:/gaʊdʒ/ 美:/ɡaʊdʒ/","- vt. 用半圆凿子挖；欺骗
- n. 圆凿；以圆凿刨；沟


时 态:  
gouged, gouging, gouges 

名 词:  
gouger",
470,"gown","英:/gaʊn/ 美:/ɡaʊn/","该版本不支持扩展词库。购买专业版",
471,"granted","英:/'gra:ntid/ 美:/ˈɡræntɪd/","该版本不支持扩展词库。购买专业版",
472,"granularity","/ˌgrænju'læriti/","n. 间隔尺寸,粒度",
473,"graphic","英:/'græfɪk/ 美:/'græfɪk/","该版本不支持扩展词库。购买专业版",
474,"grappling","英:/'ɡræpliŋ/ 美:/ˈɡræplɪŋ/","抓机;锚定",
475,"grin","英:/grɪn/ 美:/ɡrɪn/","该版本不支持扩展词库。购买专业版",
476,"grind","英:/graɪnd/ 美:/ɡraɪnd/","该版本不支持扩展词库。购买专业版",
477,"groceries","","n. 食品;杂货",
478,"grocery","英:/'grəʊs(ə)rɪ/ 美:/'ɡrosəri/","该版本不支持扩展词库。购买专业版",
479,"Gucci","/'gutʃi/","n. 古琦（品牌名）",
480,"guerrilla","英:/gə'rɪlə/ 美:/gə'rɪlə/","n. 游击队员",
481,"hanker","英:/'hæŋkə/ 美:/'hæŋkɚ/","该版本不支持扩展词库。购买专业版",
482,"hardcover","英:/ˈhɑ:dkʌvə/ 美:/'hɑrd'kʌvɚ/","- n. 精装书
- adj. 精装书的,精装的",
483,"harmoniously","英:/h ɑ:ˈməʊnjəslɪ/ 美:/hɑr'monɪəsli/","adv. 和谐地;调和地",
484,"hatch","英:/hætʃ/ 美:/hætʃ/","该版本不支持扩展词库。购买专业版",
485,"haul","英:/hɔːl/ 美:/hɔl/","该版本不支持扩展词库。购买专业版",
486,"have","英:/hæv/ 美:/hæv/","该版本不支持扩展词库。购买专业版",
487,"hazard","英:/ˈhæzəd/ 美:/ˈhæzəd/","该版本不支持扩展词库。购买专业版",
488,"heels","英:/hi:lz/ 美:/hilz/","- n. 脚踝；残余料；高跟鞋（heel的复数）
- v. 紧跟；给（鞋等）装跟（heel的三单形式）",
489,"herald","英:/'her(ə)ld/ 美:/'hɛrəld/","该版本不支持扩展词库。购买专业版",
490,"heritage","英:/'herɪtɪdʒ/ 美:/'hɛrɪtɪdʒ/","该版本不支持扩展词库。购买专业版",
491,"hermit","英:/'hɜːmɪt/ 美:/'hɝmɪt/","该版本不支持扩展词库。购买专业版",
492,"hiccup","英:/'hɪkʌp/ 美:/'hɪkəp/","该版本不支持扩展词库。购买专业版",
493,"hierarchy","英:/'haɪərɑːkɪ/ 美:/'haɪərɑrki/","- n. 等级制度
- 统治集团, 领导层",
494,"hint","英:/hɪnt/ 美:/hɪnt/","该版本不支持扩展词库。购买专业版",
495,"hit","英:/hɪt/ 美:/hɪt/","该版本不支持扩展词库。购买专业版",
496,"hitch","英:/hɪtʃ/ 美:/hɪtʃ/","该版本不支持扩展词库。购买专业版",
497,"hitchhike","英:/'hɪtʃhaɪk/ 美:/'hɪtʃ,haɪk/","- n. 搭便车(旅行)
- vi. 作搭便车式的旅行

时 态:  
hitchhiked, hitchhiking, hitchhikes 

名 词:  
hitchhike

名 词:  
hitchhiker",
498,"holistic","英:/həʊˈlɪstɪk/ 美:/ho'lɪstɪk/","该版本不支持扩展词库。购买专业版",
499,"homesick","英:/'həʊmsɪk/ 美:/'homsɪk/","该版本不支持扩展词库。购买专业版",
500,"horrific","英:/hɒ'rɪfɪk/ 美:/hə'rɪfɪk/","该版本不支持扩展词库。购买专业版",
501,"host","英:/həʊst/ 美:/host/","该版本不支持扩展词库。购买专业版",
502,"hostility","英:/hɒ'stɪlɪtɪ/ 美:/hɑ'stɪləti/","- n. 敌意, 敌对状态
- 战争行动, 战斗",
503,"humidity","英:/hjʊ'mɪdɪtɪ/ 美:/hju'mɪdəti/","该版本不支持扩展词库。购买专业版",
504,"humiliate","英:/hjʊ'mɪlɪeɪt/ 美:/hju'mɪlɪet/","vt. 使蒙羞, 羞辱, 使丢脸

时 态:  
humiliated, humiliating, humiliates",
505,"hut","英:/hʌt/ 美:/hʌt/","该版本不支持扩展词库。购买专业版",
506,"hyena","英:/haɪ'iːnə/ 美:/haɪ'inə/","该版本不支持扩展词库。购买专业版",
507,"hyenas","/hai'i:nə/","n. 土狼（hyena的复数形式）",
508,"hygiene","英:/'haɪdʒiːn/ 美:/'haɪdʒin/","该版本不支持扩展词库。购买专业版",
509,"hyperfine","/'haɪpəfaɪn/","adj. 超精细的",
510,"hypocrite","英:/'hɪpəkrɪt/ 美:/'hɪpə'krɪt/","该版本不支持扩展词库。购买专业版",
511,"identical","英:/aɪ'dentɪk(ə)l/ 美:/aɪ'dɛntɪkl/","adj. 同一的

副 词:  
identically",
512,"identify","英:/aɪ'dentɪfaɪ/ 美:/aɪ'dɛntɪfaɪ/","该版本不支持扩展词库。购买专业版",
513,"idle","英:/'aɪd(ə)l/ 美:/'aɪdl/","该版本不支持扩展词库。购买专业版",
514,"ignorant","英:/'ɪgn(ə)r(ə)nt/ 美:/'ɪɡnərənt/","该版本不支持扩展词库。购买专业版",
515,"illustrative","英:/'ɪləstrətɪv/ 美:/ɪ'lʌstrətɪv/","- adj. 用作说明的,解说性的
- adv. 用作说明地,解说性地",
516,"imitate","英:/'ɪmɪteɪt/ 美:/'ɪmɪtet/","该版本不支持扩展词库。购买专业版",
517,"immediately","英:/ɪ'miːdɪətlɪ/ 美:/ɪ'midɪətli/","- adv. 立即, 马上
- 直接地",
518,"impediment","英:/ɪm'pedɪm(ə)nt/ 美:/ɪm'pɛdɪmənt/","- n. 妨碍、阻碍某事物进展或活动的人或物
- 身体上的某类残疾, 缺陷

形容词:  
impedimental",
519,"impending","英:/ɪm'pendɪŋ/ 美:/ɪm'pɛndɪŋ/","adj. 即将发生的;迫在眉睫的",
520,"imperceptibly","英:/ˌimpə'septəbli/ 美:/ˌɪmpɚˈs ɛptəblɪ/","- adv. 无感觉地；感觉不到地；不知不觉地
- 极微地",
521,"implementation","英:/ˌimplimen'teiʃən/ 美:/ˌɪmplɪmənˈteʃən/","n. 贯彻，执行",
522,"impudent","英:/'ɪmpjʊd(ə)nt/ 美:/'ɪmpjədənt/","该版本不支持扩展词库。购买专业版",
523,"imputation","英:/ˌɪmpjuː'teɪʃən/ 美:/ˌɪmpjʊ'teʃən/","- n. 归罪;负责
- 诋毁；非难;污名

形容词:  
imputative

副 词:  
imputatively",
524,"In my company, the information gained from these interviews is often not confidential","","Free Dictionary在线词典
韦氏在线词典
必应在线词典
柯林斯在线词典
Urban Dictionary
剑桥词典
Dictionary.com在线词典
朗文当代英语在线词典
Ox Living Dict


点击管理在线词典",
525,"in place","","在适当的位置",
526,"in term of","","Free Dictionary在线词典
韦氏在线词典
必应在线词典
柯林斯在线词典
Urban Dictionary
剑桥词典
Dictionary.com在线词典
朗文当代英语在线词典
Ox Living Dict


点击管理在线词典",
527,"in terms of","","就...而言,在...方面",
528,"in the long run","","该版本不支持扩展词库。购买专业版",
529,"inaccessible","英:/ɪnək'sesɪb(ə)l/ 美:/ˌɪnæk'sɛsəbl/","adj. 达不到的, 不可及的

名 词:  
inaccessibility

副 词:  
inaccessibly",
530,"inadequate","英:/ɪn'ædɪkwət/ 美:/ɪn'ædɪkwət/","- adj. 不充足的，不适当的
- 不足胜任的，信心不足的
- adv. 不充足地，不适当地；不足胜任地

副 词:  
inadequately",
531,"inanimate","英:/ɪn'ænɪmət/ 美:/ɪn'ænɪmət/","- adj. 无生命的
- 无生气的, 无精打采的, 单调的",
532,"Inc","/iŋk/","该版本不支持扩展词库。购买专业版",
533,"Inca","/'ɪŋkə/","该版本不支持扩展词库。购买专业版",
534,"incandescent","英:/ɪnkæn'des(ə)nt/ 美:/'ɪnkən'dɛsnt/","- adj. 白热的；白炽的
- 十分明亮的，耀眼的
- 感情强烈的；激情的",
535,"incapable","英:/ɪn'keɪpəb(ə)l/ 美:/ɪn'kepəbl/","adj. 无能力的, 不会的",
536,"incentive","英:/ɪn'sentɪv/ 美:/ɪn'sɛntɪv/","n. 激励某人做某事的事物；刺激；诱因，动机",
537,"incompatible","英:/ɪnkəm'pætɪb(ə)l/ 美:/ˌɪnkəm'pætəbl/","adj. 合不来的，不能和谐相处的；不协调的，不相配的

副 词:  
incompatibly",
538,"incompetent","英:/ɪn'kɒmpɪt(ə)nt/ 美:/ɪn'kɑmpɪtənt/","adj. 无能力的, 不称职的, 不胜任的

副 词:  
incompetently",
539,"incorporate","英:/ɪn'kɔːpəreɪt/ 美:/ɪnˈkɔrpəˌret/","- vt. 包含, 加上, 吸收
- 把…合并, 使并入
- 组成公司

时 态:  
incorporated, incorporating, incorporates 

形容词:  
incorporable

名 词:  
incorporation

形容词:  
incorporative

名 词:  
incorporator",
540,"incubation","英:/ɪŋkjʊ'beɪʃ(ə)n/ 美:/ˌɪŋkju'beʃən/","- n. 孵卵；孵化
- (传染病的)潜伏期
- (细菌等的)繁殖",
541,"inculcation","英:/ˌɪnk ʌlˈkeɪʃən/ 美:/ˌɪnkʌl'keʃən/","该版本不支持扩展词库。购买专业版",
542,"indelible","英:/ɪn'delɪb(ə)l/ 美:/ɪn'dɛləbl/","- adj. 擦不掉的
- 永久的,持久的

副 词:  
indelibly",
543,"induction","英:/ɪn'dʌkʃ(ə)n/ 美:/ɪn'dʌkʃən/","- n. 就职, 入伍
- 吸入
- (电或磁的)感应
- 归纳(法)",
544,"indulgence","英:/ɪn'dʌldʒ(ə)ns/ 美:/ɪn'dʌldʒəns/","该版本不支持扩展词库。购买专业版",
545,"industry","英:/'ɪndəstrɪ/ 美:/'ɪndəstri/","该版本不支持扩展词库。购买专业版",
546,"inept","英:/ɪ'nept/ 美:/ɪnˈɛpt/","该版本不支持扩展词库。购买专业版",
547,"inert","英:/ɪ'nɜːt/ 美:/ɪ'nɝt/","该版本不支持扩展词库。购买专业版",
548,"inessential","英:/ɪnɪ'senʃ(ə)l/ 美:/'ɪnɪ'sɛnʃəl/","- adj. 非必要的,无关紧要的
- 可省去的,可有可无的
- n. 可有可无的事物",
549,"inevitable","英:/ɪn'evɪtəb(ə)l/ 美:/ɪn'ɛvɪtəbl/","- adj. 不可避免的, 必然发生的
- 〈非正〉总会发生的, 照例必有的, 惯常的

名 词:  
inevitability

副 词:  
inevitably",
550,"inextricably","/'ɪnɪk'strɪkəbli/","adv. 逃不掉地,解决不了地,解不开地",
551,"inflationary","英:/ɪn'fleɪʃənrɪ/ 美:/ɪn'fleʃənɛri/","adj. 通货膨胀的,通货膨胀倾向的",
552,"infrared","英:/ɪnfrə'red/ 美:/ˌɪnfrə'rɛd/","该版本不支持扩展词库。购买专业版",
553,"ingrain","英:/ɪn'greɪn/ 美:/'ɪngren/","该版本不支持扩展词库。购买专业版",
554,"ingredient","英:/ɪn'griːdɪənt/ 美:/ɪn'ɡridɪənt/","n. (混合物的)组成部分; 配料",
555,"inherent","英:/ɪn'hɪər(ə)nt/ 美:/ɪn'hɪrənt/","该版本不支持扩展词库。购买专业版",
556,"inimitably","/i'nimitəbli/","adv. 无法仿效地,独特地",
557,"initial","英:/iˈniʃəl/ 美:/ɪ'nɪʃəl/","该版本不支持扩展词库。购买专业版",
558,"ink","英:/iŋk/ 美:/ɪŋk/","该版本不支持扩展词库。购买专业版",
559,"inquest","英:/'ɪnkwest/ 美:/'ɪŋkwɛst/","该版本不支持扩展词库。购买专业版",
560,"insight","英:/'ɪnsaɪt/ 美:/'ɪn'saɪt/","该版本不支持扩展词库。购买专业版",
561,"insipid","英:/ɪn'sɪpɪd/ 美:/ɪn'sɪpɪd/","该版本不支持扩展词库。购买专业版",
562,"insolent","英:/'ɪns(ə)l(ə)nt/ 美:/'ɪnsələnt/","该版本不支持扩展词库。购买专业版",
563,"inspection","英:/ɪn'spekʃn/ 美:/ɪn'spɛkʃən/","n. 检查,视察",
564,"instability","英:/ɪnstə'bɪlɪtɪ/ 美:/ˌɪnstə'bɪləti/","n. 不稳定,不稳固",
565,"insult","英:/ɪn'sʌlt/ 美:/ɪn'sʌlt/","该版本不支持扩展词库。购买专业版",
566,"integers","/'intidʒə/","n. 整数（integer的复数）",
567,"intensify","英:/ɪn'tensɪfaɪ/ 美:/ɪn'tɛnsɪfaɪ/","vt. & vi. (使)增强, (使)加剧

时 态:  
intensified, intensifying, intensifies 

名 词:  
intensification",
568,"interchange","英:/ˌintə'tʃeindʒ/ 美:/ˌɪntɚˈtʃendʒ/","- vt. (指两人等)交换事物, 互换
- 使两人或两物相互易位
- vt. & vi. (使某事物)交替变化

时 态:  
interchanged, interchanging, interchanges 

名 词:  
interchanger",
569,"interminable","英:/ɪn'tɜːmɪnəb(ə)l/ 美:/ɪn'tɝmɪnəbl/","该版本不支持扩展词库。购买专业版",
570,"intimate","英:/'ɪntɪmət/ 美:/'ɪntɪmət/","该版本不支持扩展词库。购买专业版",
571,"intimidate","英:/ɪn'tɪmɪdeɪt/ 美:/ɪn'tɪmɪdet/","vt. 恐吓, 威胁

时 态:  
intimidated, intimidating, intimidates 

副 词:  
intimidatingly

名 词:  
intimidation

名 词:  
intimidator",
572,"intonation","英:/ɪntə'neɪʃ(ə)n/ 美:/ˌɪntə'neʃən/","n. 语调;说话的抑扬顿挫",
573,"intrigue","英:/ɪn'triːg/ 美:/'ɪn'triɡ/","该版本不支持扩展词库。购买专业版",
574,"intrigued","英:/ɪnˈtri: gd/ 美:/ɪn'triɡd/","adj. 好奇的;被迷住了的",
575,"intuition","英:/ɪntjʊ'ɪʃ(ə)n/ 美:/ˌɪntu'ɪʃən/","- n. 直觉
- 凭直觉感知的知识

形容词:  
intuitional",
576,"invariant","英:/ɪn'veərɪənt/ 美:/ɪn'vɛrɪənt/","- adj. 无变化的,不变的
- n. 不变式,不变量

名 词:  
invariance",
577,"invigorate","英:/ɪn'vɪgəreɪt/ 美:/ɪn'vɪɡəret/","- vt. 使生气勃勃；使精力充沛；使健壮
- adj. 生气勃勃的；精力充沛的；健壮的
- n. 精力充沛；健壮；滋补；鼓舞
- n. 滋补药；鼓舞者

时 态:  
invigorated，invigorating，invigorates 

名 词:  
invigoration

名 词:  
invigorator",
578,"ion","英:/'aɪən/ 美:/'aɪən/","该版本不支持扩展词库。购买专业版",
579,"iridescent","英:/ˌɪrɪ'des(ə)nt/ 美:/ˌɪrɪ'dɛsnt/","- adj. 彩虹色的
-  (随位置不同而)变色的,闪色的",
580,"iron","英:/'aɪən/ 美:/'aɪɚn/","该版本不支持扩展词库。购买专业版",
581,"ironic","英:/aɪˈrɔnɪk/ 美:/aɪ'rɑnɪk/","该版本不支持扩展词库。购买专业版",
582,"irony","英:/'aɪrənɪ/ 美:/'aɪrəni/","该版本不支持扩展词库。购买专业版",
583,"isotropic","英:/ˌaɪsə(ʊ)'trɒpɪk/ 美:/ˌaɪsə'trɑpɪk/","adj. 等方性的

名 词:  
isotropy",
584,"it dawned on me that","","Free Dictionary在线词典
韦氏在线词典
必应在线词典
柯林斯在线词典
Urban Dictionary
剑桥词典
Dictionary.com在线词典
朗文当代英语在线词典
Ox Living Dict


点击管理在线词典",
585,"It's noteworthy that it made no difference if the jargon terms were defined in the text","","Free Dictionary在线词典
韦氏在线词典
必应在线词典
柯林斯在线词典
Urban Dictionary
剑桥词典
Dictionary.com在线词典
朗文当代英语在线词典
Ox Living Dict


点击管理在线词典",
586,"jargon","英:/'dʒɑːg(ə)n/ 美:/'dʒɑrɡən/","该版本不支持扩展词库。购买专业版",
587,"jewellery","/'dʒuːəlrɪ/","n. 首饰; 饰物",
588,"jigsaw","英:/'dʒɪgsɔː/ 美:/'dʒɪɡsɔ/","该版本不支持扩展词库。购买专业版",
589,"jostling","/'dʒɔsliŋ/","n. 推撞,冲撞别人的马",
590,"jot down","","记下",
591,"judiciary","英:/dʒʊ'dɪʃ(ə)rɪ/ 美:/dʒu'dɪʃɪɛri/","- n. (总称)法官，审判官
- adj. 法院的；审判员的；司法的",
592,"jumpy","英:/'dʒʌmpɪ/ 美:/'dʒʌmpi/","该版本不支持扩展词库。购买专业版",
593,"junction","英:/'dʒʌŋ(k)ʃ(ə)n/ 美:/'dʒʌŋkʃən/","该版本不支持扩展词库。购买专业版",
594,"kick","英:/kɪk/ 美:/kɪk/","该版本不支持扩展词库。购买专业版",
595,"kinematics","英:/ˌkɪnɪ'mætɪks/ 美:/kaɪ/","n. 运动学(力学的一个分支, 研究物体的运动, 而不考虑其运动的原因)

副 词:  
kinematically",
596,"knackered","英:/ˈnækəd/ 美:/'nækɚd/","adj. 筋疲力尽的",
597,"laborious","英:/lə'bɔːrɪəs/ 美:/lə'bɔrɪəs/","adj. 勤劳的；困难的，费力的

副 词:  
laboriously",
598,"ladder","英:/'lædə/ 美:/'lædɚ/","该版本不支持扩展词库。购买专业版",
599,"languid","英:/'læŋgwɪd/ 美:/ˈlæŋɡwɪd/","该版本不支持扩展词库。购买专业版",
600,"lanterns","/'læntən/","n. 灯笼，提灯（lantern的复数）",
601,"larceny","英:/'lɑːs(ə)nɪ/ 美:/'lɑrsəni/","该版本不支持扩展词库。购买专业版",
602,"laryngeal","英:/lə'rɪn(d)ʒɪəl/ 美:/lə'rɪndʒɪəl/","adj. 喉的, 喉音的",
603,"lateral","英:/'læt(ə)r(ə)l/ 美:/'lætərəl/","该版本不支持扩展词库。购买专业版",
604,"lavatory","英:/'lævət(ə)rɪ/ 美:/'lævətɔri/","该版本不支持扩展词库。购买专业版",
605,"lawns","/lɔ:n/","- n. 草坪；草地（lawn的复数形式）
- v. 将地修改成草坪（lawn的第三人称单数）",
606,"laymen","","Free Dictionary在线词典
韦氏在线词典
必应在线词典
柯林斯在线词典
Urban Dictionary
剑桥词典
Dictionary.com在线词典
朗文当代英语在线词典
Ox Living Dict


点击管理在线词典",
607,"layout","英:/'leɪaʊt/ 美:/'leaʊt/","该版本不支持扩展词库。购买专业版",
608,"leach","英:/liːtʃ/ 美:/litʃ/","该版本不支持扩展词库。购买专业版",
609,"leakage","英:/'liːkɪdʒ/ 美:/'likɪdʒ/","该版本不支持扩展词库。购买专业版",
610,"leave","英:/liːv/ 美:/liv/","该版本不支持扩展词库。购买专业版",
611,"left","英:/left/ 美:/lɛft/","该版本不支持扩展词库。购买专业版",
612,"leg","英:/leg/ 美:/lɛɡ/","该版本不支持扩展词库。购买专业版",
613,"legacy","英:/'legəsɪ/ 美:/'lɛgəsi/","该版本不支持扩展词库。购买专业版",
614,"legal","英:/'liːg(ə)l/ 美:/'ligl/","该版本不支持扩展词库。购买专业版",
615,"legibility","/ˌlɛdʒə'bɪləti/","n. 易读性,易辨认,易理解",
616,"legislation","英:/ledʒɪs'leɪʃ(ə)n/ 美:/ˌlɛdʒɪs'leʃən/","- n. 法律；法规
- 立法，法律的制定[通过]",
617,"lest","英:/lest/ 美:/lɛst/","conj. 唯恐，以免；担心",
618,"light","英:/laɪt/ 美:/laɪt/","该版本不支持扩展词库。购买专业版",
619,"lingua","/'lɪŋɡwə/","该版本不支持扩展词库。购买专业版",
620,"lingua franca","/ˏlɪŋgwə ˈfræŋkə/","该版本不支持扩展词库。购买专业版",
621,"linguistic","英:/lɪŋ'gwɪstɪk/ 美:/lɪŋ'gwɪstɪk/","adj. 语言的, 语言学的, 语言研究的",
622,"linguistics","英:/lɪŋ'gwɪstɪks/ 美:/lɪŋ'ɡwɪstɪks/","n. 语言学",
623,"locked","/lɔkt/","该版本不支持扩展词库。购买专业版",
624,"log","英:/lɒg/ 美:/lɔɡ/","该版本不支持扩展词库。购买专业版",
625,"lopsided","英:/lɒp'saɪdɪd/ 美:/ˌlɑp'saɪdɪd/","该版本不支持扩展词库。购买专业版",
626,"lubricating","/'lʊbrɪ,ket/","adj. 润滑的",
627,"lucidly","/'lu:sidli/","该版本不支持扩展词库。购买专业版",
628,"lure","英:/l(j)ʊə/ 美:/lʊr/","该版本不支持扩展词库。购买专业版",
629,"lyrical","英:/'lɪrɪk(ə)l/ 美:/'lɪrɪkl/","该版本不支持扩展词库。购买专业版",
630,"maintain","英:/meɪn'teɪn/ 美:/men'ten/","该版本不支持扩展词库。购买专业版",
631,"mammoth","英:/'mæməθ/ 美:/'mæməθ/","该版本不支持扩展词库。购买专业版",
632,"mandatory","英:/'mændət(ə)rɪ/ 美:/'mændətɔri/","adj. 命令的;强制的;义务的",
633,"manually","英:/'mænjuəli/ 美:/ˈmænjʊəlɪ/","该版本不支持扩展词库。购买专业版",
634,"maraud","英:/mə'rɔːd/ 美:/məˈrɔd/","该版本不支持扩展词库。购买专业版",
635,"march","英:/mɑːtʃ/ 美:/mɑrtʃ/","该版本不支持扩展词库。购买专业版",
636,"marvel","英:/'mɑːv(ə)l/ 美:/'mɑrvl/","该版本不支持扩展词库。购买专业版",
637,"massacre","英:/'mæsəkə/ 美:/'mæsəkɚ/","该版本不支持扩展词库。购买专业版",
638,"maximum","英:/'mæksɪməm/ 美:/'mæksɪməm/","该版本不支持扩展词库。购买专业版",
639,"mayor","英:/meə/ 美:/'meɚ/","该版本不支持扩展词库。购买专业版",
640,"meditation","英:/medɪ'teɪʃ(ə)n/ 美:/ˌmɛdɪ'teʃən/","- n. 默想, 默念
- 沉思, 思考；冥想",
641,"membrane","英:/'membreɪn/ 美:/'mɛmbren/","该版本不支持扩展词库。购买专业版",
642,"memorable","英:/'mem(ə)rəb(ə)l/ 美:/'mɛmərəbl/","该版本不支持扩展词库。购买专业版",
643,"memorial","英:/mə'mɔːriəl/ 美:/mə'mɔriəl/","该版本不支持扩展词库。购买专业版",
644,"mentally","英:/ˈmentəlɪ/ 美:/'mɛntli/","该版本不支持扩展词库。购买专业版",
645,"mercenary","英:/'mɜːsɪn(ə)rɪ/ 美:/'mɝsənɛri/","- adj. 雇用的,为钱的,唯利是图的
- adv. 雇用地,唯利是图地",
646,"message","英:/'mesɪdʒ/ 美:/'mɛsɪdʒ/","该版本不支持扩展词库。购买专业版",
647,"meteorite","英:/'miːtɪəraɪt/ 美:/'mitɪə'raɪt/","n. 陨星

形容词:  
meteoritic",
648,"meticulous","英:/mɪ'tɪkjʊləs/ 美:/mə'tɪkjələs/","adj. 极仔细的; 一丝不苟的

名 词:  
meticulosity

副 词:  
meticulously",
649,"metro","英:/'metrəʊ/ 美:/'mɛtro/","该版本不支持扩展词库。购买专业版",
650,"military","英:/'mɪlɪt(ə)rɪ/ 美:/'mɪlətɛri/","该版本不支持扩展词库。购买专业版",
651,"militate","英:/'mɪlɪteɪt/ 美:/'mɪlɪtet/","该版本不支持扩展词库。购买专业版",
652,"mill","英:/mɪl/ 美:/mɪl/","该版本不支持扩展词库。购买专业版",
653,"miller","英:/'mɪlə/ 美:/ˈmɪlɚ/","该版本不支持扩展词库。购买专业版",
654,"million","英:/'mɪljən/ 美:/'mɪljən/","该版本不支持扩展词库。购买专业版",
655,"millionaires","","Free Dictionary在线词典
韦氏在线词典
必应在线词典
柯林斯在线词典
Urban Dictionary
剑桥词典
Dictionary.com在线词典
朗文当代英语在线词典
Ox Living Dict


点击管理在线词典",
656,"mimic","英:/'mɪmɪk/ 美:/'mɪmɪk/","该版本不支持扩展词库。购买专业版",
657,"Mining engineering","","Free Dictionary在线词典
韦氏在线词典
必应在线词典
柯林斯在线词典
Urban Dictionary
剑桥词典
Dictionary.com在线词典
朗文当代英语在线词典
Ox Living Dict


点击管理在线词典",
658,"minor","英:/'maɪnə/ 美:/'maɪnɚ/","该版本不支持扩展词库。购买专业版",
659,"misdemeanor","英:/ˌmɪsdɪˈmi:nə/ 美:/ˌmɪsdɪ'minɚ/","- n. 不法行为
- (相对于重罪的)轻罪,小罪",
660,"miserable","英:/'mɪz(ə)rəb(ə)l/ 美:/'mɪzrəbl/","该版本不支持扩展词库。购买专业版",
661,"misleading","英:/mɪsˈli:dɪŋ/ 美:/ˌmɪs'lidɪŋ/","adj. 欺骗的;误导性的",
662,"misrepresent","英:/ˌmɪsreprɪ'zent/ 美:/ˌmɪs,rɛprɪ'zɛnt/","- vt. 故意对…作错误的报道
- n. 误传

时 态:  
misrepresented, misrepresenting, misrepresents 

名 词:  
misrepresentation

形容词:  
misrepresentative

名 词:  
misrepresenter",
663,"mistake","英:/mɪ'steɪk/ 美:/mɪ'stek/","该版本不支持扩展词库。购买专业版",
664,"mnemonic","英:/nɪ'mɒnɪk/ 美:/nɪ'mɑnɪk/","该版本不支持扩展词库。购买专业版",
665,"modified","英:/'mɔdifaid/ 美:/ˈmɑdəˌfaɪd/","该版本不支持扩展词库。购买专业版",
666,"modulus","英:/'mɒdjʊləs/ 美:/ˈmɑdʒələs/","该版本不支持扩展词库。购买专业版",
667,"mole","英:/məʊl/ 美:/mol/","该版本不支持扩展词库。购买专业版",
668,"moment","英:/'məʊm(ə)nt/ 美:/'momənt/","该版本不支持扩展词库。购买专业版",
669,"momentarily","英:/'məʊm(ə)nt(ə)rɪlɪ/ 美:/ˌmomən'tɛrəli/","adv. 顷刻之间；马上，立刻",
670,"monitor","英:/'mɒnɪtə/ 美:/'mɑnətɚ/","该版本不支持扩展词库。购买专业版",
671,"monologue","英:/'mɒn(ə)lɒg/ 美:/ˈmɑnəˌlɔɡ/","该版本不支持扩展词库。购买专业版",
672,"mor","/mɔː/","n. 粗腐殖质

MORabbr. Magneto-Optical Rotation 磁致旋光",
673,"moral","英:/'mɒr(ə)l/ 美:/'mɔrəl/","该版本不支持扩展词库。购买专业版",
674,"morphology","英:/mɔː'fɒlədʒɪ/ 美:/mɔr'fɑlədʒi/","n. 形态学(尤指动植物形态学或词语形态学)

形容词:  
morphological

名 词:  
morphologist",
675,"mosque","英:/mɒsk/ 美:/mɑsk/","该版本不支持扩展词库。购买专业版",
676,"mucous","英:/'mjuːkəs/ 美:/'mjʊkəs/","该版本不支持扩展词库。购买专业版",
677,"mucus","英:/'mjuːkəs/ 美:/'mjukəs/","该版本不支持扩展词库。购买专业版",
678,"mull","英:/mʌl/ 美:/mʌl/","该版本不支持扩展词库。购买专业版",
679,"multipartite","英:/ˌmʌltɪ'pɑːtaɪt/ 美:/ˌmʌltɪ'pɑrtaɪt/","adj. 分成多部分的,多国参加的",
680,"mundane","英:/'mʌndeɪn/ 美:/mʌnˈden/","该版本不支持扩展词库。购买专业版",
681,"munition","英:/mjʊ'nɪʃ(ə)n/ 美:/mju'nɪʃnz/","该版本不支持扩展词库。购买专业版",
682,"Muppet","/'mʌpɪt/","n. 提线木偶",
683,"murmur","英:/'mɜːmə/ 美:/'mɝmɚ/","该版本不支持扩展词库。购买专业版",
684,"muster","英:/'mʌstə/ 美:/'mʌstɚ/","该版本不支持扩展词库。购买专业版",
685,"mutually","/'mjutʃuəli/","该版本不支持扩展词库。购买专业版",
686,"myth","英:/mɪθ/ 美:/mɪθ/","该版本不支持扩展词库。购买专业版",
687,"narrate","英:/nə'reɪt/ 美:/nə'ret/","该版本不支持扩展词库。购买专业版",
688,"narrative","英:/'nærətɪv/ 美:/'nærətɪv/","- n. 记叙文；故事
- 叙述，讲述；叙述部分
- adj. 叙述的；叙事体的

副 词:  
narratively",
689,"nationalist","英:/'næʃ(ə)n(ə)lɪst/ 美:/'næʃnəlɪst/","n. 民族主义者;国家主义者",
690,"navigate","英:/'nævɪgeɪt/ 美:/'nævə'get/","该版本不支持扩展词库。购买专业版",
691,"navigation","英:/nævɪ'geɪʃ(ə)n/ 美:/'nævə'geʃən/","- n. 航行(学)；航海(术)，航空(术)
- 导航，领航

形容词:  
navigational",
692,"need","英:/niːd/ 美:/nid/","该版本不支持扩展词库。购买专业版",
693,"negligent","英:/'neɡlɪdʒənt/ 美:/'nɛɡlɪdʒənt/","- adj. 疏忽的;粗心大意的
- 不拘泥的;不计较的;不在乎的;随便的;无所谓的",
694,"negotiation","英:/nɪgəʊʃɪ'eɪʃ(ə)n/ 美:/nɪ,ɡoʃɪ'eʃən/","- n. 协商，谈判
- 完成(难事)；通过",
695,"negotiator","英:/nɪˈgəʊʃɪeɪtə(r)/ 美:/nɪ'ɡoʃɪetɚ/","- n. 磋商者;交涉者
- 出售者;交易者;转让者",
696,"nested","/'nestid/","adj. 嵌套的",
697,"net","英:/net/ 美:/nɛt/","该版本不支持扩展词库。购买专业版",
698,"neutrino","英:/njuː'triːnəʊ/ 美:/nu'trino/","该版本不支持扩展词库。购买专业版",
699,"newsagent","英:/ˈnju:zˌeɪdʒɵnt/ 美:/'nʊz'edʒənt/","n. 报刊经销人",
700,"nighty","英:/'naɪtɪ/ 美:/ˈnaɪti/","n. [口]睡衣",
701,"nighty-night","/'naiti'nait/","int. 晚安",
702,"nitty-gritty","英:/'niti'ɡriti/ 美:/ˈnɪtiˈɡrɪti/","n. 事实真相,本质",
703,"nonconductor","英:/ˌnɒnkən'dʌktə/ 美:/ˌnɑnkənˈdʌktɚ/","n. 不传导体,绝缘体",
704,"none the less","","该版本不支持扩展词库。购买专业版",
705,"nonverbal","英:/nɔn'və:bəl/ 美:/nɑnˈvɚbəl/","adj. 不用言辞表达的",
706,"norm","英:/nɔːm/ 美:/nɔrm/","该版本不支持扩展词库。购买专业版",
707,"Norse","/nɔ:s/","该版本不支持扩展词库。购买专业版",
708,"notorious","英:/nə(ʊ)'tɔːrɪəs/ 美:/no'tɔrɪəs/","adj. 臭名昭著的, 声名狼藉的

副 词:  
notoriously",
709,"Nutrients","","Free Dictionary在线词典
韦氏在线词典
必应在线词典
柯林斯在线词典
Urban Dictionary
剑桥词典
Dictionary.com在线词典
朗文当代英语在线词典
Ox Living Dict


点击管理在线词典",
710,"oat","英:/əʊt/ 美:/ot/","该版本不支持扩展词库。购买专业版",
711,"obedience","英:/ə'biːdɪəns/ 美:/ə'bidjəns/","n. 服从;顺从;听话",
712,"obsess","英:/əb'ses/ 美:/əb'sɛs/","该版本不支持扩展词库。购买专业版",
713,"obsession","英:/əb'seʃ(ə)n/ 美:/əbˈsɛʃən/","n. 困扰, 无法摆脱的思想(或情感)

形容词:  
obsessional

副 词:  
obsessionally",
714,"obsolete","英:/'ɒbsəliːt/ 美:/ˌɑbsə'lit/","该版本不支持扩展词库。购买专业版",
715,"obstacle","英:/'ɒbstək(ə)l/ 美:/'ɑbstəkl/","该版本不支持扩展词库。购买专业版",
716,"occupation","英:/ɒkjʊ'peɪʃ(ə)n/ 美:/ˌɑkju'peʃən/","- n. 工作; 职业
- 消遣
- 占领",
717,"odorize","/'əʊdəraɪz/","该版本不支持扩展词库。购买专业版",
718,"offish","英:/'ɒfɪʃ/ 美:/'ɔfɪʃ/","该版本不支持扩展词库。购买专业版",
719,"onwards","英:/'ɔnwədz/ 美:/ˈɑnwɚdz/","该版本不支持扩展词库。购买专业版",
720,"open up a slot","","Free Dictionary在线词典
韦氏在线词典
必应在线词典
柯林斯在线词典
Urban Dictionary
剑桥词典
Dictionary.com在线词典
朗文当代英语在线词典
Ox Living Dict


点击管理在线词典",
721,"opera","英:/'ɒp(ə)rə/ 美:/'ɑprə/","该版本不支持扩展词库。购买专业版",
722,"optical","英:/'ɒptɪk(ə)l/ 美:/'ɑptɪkl/","该版本不支持扩展词库。购买专业版",
723,"orientation","英:/ˌɔːrɪən'teɪʃ(ə)n/ 美:/orɪɛn'teʃən/","该版本不支持扩展词库。购买专业版",
724,"ornament","英:/'ɔːnəm(ə)nt/ 美:/'ɔrnəmənt/","该版本不支持扩展词库。购买专业版",
725,"outlier","英:/'aʊtlaɪə/ 美:/'aʊt,laɪɚ/","该版本不支持扩展词库。购买专业版",
726,"outrageous","英:/aʊt'reɪdʒəs/ 美:/aʊt'redʒəs/","adj. 骇人的;残暴的;无耻的;不道德的

副 词:  
outrageously",
727,"outskirts","/'aʊt'skɝts/","n. 外围地区, 郊区, 郊外",
728,"outwash","英:/'aʊtwɒʃ/ 美:/'aʊtwɑʃ/","n. [地质]冰水沉积；消融，冲蚀",
729,"oval","英:/'əʊv(ə)l/ 美:/'ovl/","该版本不支持扩展词库。购买专业版",
730,"overall","英:/'əʊvərɔːl/ 美:/ˌovə'rɔl/","该版本不支持扩展词库。购买专业版",
731,"overarching","","adj. 首要的；支配一切的；包罗万象的
v.  成拱形（overarch的ing形式）",
732,"overhear","英:/əʊvə'hɪə/ 美:/ˌovɚ'hɪr/","该版本不支持扩展词库。购买专业版",
733,"overlap","英:/əʊvə'læp/ 美:/'ovəlæp/","该版本不支持扩展词库。购买专业版",
734,"overstate","英:/əʊvə'steɪt/ 美:/ˌovɚ'stet/","vt. 夸大(某事)

时 态:  
overstated, overstating, overstates 

名 词:  
overstatement",
735,"overwhelming","英:/ˌəuvəˈhwelmiŋ/ 美:/ˌovɚˈhwɛlmɪŋ/","adj. 势不可挡的，压倒一切的；巨大的

副 词:  
overwhelmingly",
736,"oxide","英:/'ɒksaɪd/ 美:/'ɑksaɪd/","该版本不支持扩展词库。购买专业版",
737,"paginate","英:/'pædʒɪneɪt/ 美:/'pædʒə'net/","该版本不支持扩展词库。购买专业版",
738,"pain","英:/peɪn/ 美:/pen/","该版本不支持扩展词库。购买专业版",
739,"pairwise","/'peə,waɪz/","成对[双]地,两个两个地",
740,"paleolithic","英:/ˌpeɪli:əˈlɪθɪk/ 美:/ˌpeliəˈlɪθɪk/","adj. 旧石器时代的",
741,"paleontologist","英:/ˌpeɪlɪ ɔnˈt ɔləd ʒɪst/ 美:/ˌpelɪɑn'tɑlədʒɪst/","n. 古生物学者",
742,"palindrome","英:/'pælɪndrəʊm/ 美:/'pælɪn'drom/","该版本不支持扩展词库。购买专业版",
743,"pane","英:/peɪn/ 美:/pen/","该版本不支持扩展词库。购买专业版",
744,"papacy","英:/'peɪpəsɪ/ 美:/'pepəsi/","该版本不支持扩展词库。购买专业版",
745,"parade","英:/pə'reɪd/ 美:/pəˈreɪd/","该版本不支持扩展词库。购买专业版",
746,"parametrize","/pə'ræmətraɪz/","vt. 确定…的参数,用参数表示",
747,"pardon","英:/'pɑːd(ə)n/ 美:/'pɑrdn/","该版本不支持扩展词库。购买专业版",
748,"parent","英:/'peər(ə)nt/ 美:/'pɛrənt/","该版本不支持扩展词库。购买专业版",
749,"parental","英:/pə'rentl/ 美:/pə'rɛntl/","该版本不支持扩展词库。购买专业版",
750,"parenthesis","英:/pə'renθɪsɪs/ 美:/pə'rɛnθəsɪs/","- n. 插入语,插入成分
- 圆括号
- 间歇,插曲",
751,"parity","英:/'pærɪtɪ/ 美:/'pærəti/","该版本不支持扩展词库。购买专业版",
752,"parties","/'pɑ:ti/","n. 当事人；聚会；党派；政党机关；同行者（party的复数）",
753,"pasture","英:/'pɑːstʃə/ 美:/'pæstʃɚ/","该版本不支持扩展词库。购买专业版",
754,"pathogen","英:/'pæθədʒ(ə)n/ 美:/'pæθədʒən/","该版本不支持扩展词库。购买专业版",
755,"pathology","英:/pə'θɒlədʒɪ/ 美:/pə'θɑlədʒi/","- n. 病理(学)
- n. 病理学家

名 词:  
pathologist",
756,"patronize","英:/ˈpætrənaiz/ 美:/'petrənaɪz/","- vt. 以高人一等的态度对待
- 光顾, 惠顾

时 态:  
patronized, patronizing, patronizes",
757,"pearl","英:/pɜːl/ 美:/pɝl/","该版本不支持扩展词库。购买专业版",
758,"pediatric","/ˌpi:di'ætrik/","adj. 小儿科的",
759,"peek","英:/piːk/ 美:/pik/","该版本不支持扩展词库。购买专业版",
760,"penalize","英:/ˈpi:nəlaiz/ 美:/'pinəlaɪz/","该版本不支持扩展词库。购买专业版",
761,"penguin","英:/'peŋgwɪn/ 美:/'pɛŋɡwɪn/","该版本不支持扩展词库。购买专业版",
762,"peon","英:/'piːən/ 美:/'piən/","该版本不支持扩展词库。购买专业版",
763,"percolating","/'pɝkə,let/","n. 渗透",
764,"period","英:/'pɪərɪəd/ 美:/'pɪrɪəd/","该版本不支持扩展词库。购买专业版",
765,"permanent","英:/'pɜːm(ə)nənt/ 美:/'pɝmənənt/","adj. 永久(性)的, 固定的

副 词:  
permanently",
766,"permeate","英:/'pɜːmɪeɪt/ 美:/'pɝmɪet/","该版本不支持扩展词库。购买专业版",
767,"perpetual","英:/pə'petʃʊəl/ 美:/pɚ'pɛtʃuəl/","- adj. 永久的; 终身的
- 不断的; 常发生的

副 词:  
perpetually",
768,"perplex","英:/pə'pleks/ 美:/pɚ'plɛks/","该版本不支持扩展词库。购买专业版",
769,"perseverance","英:/pɜːsɪ'vɪər(ə)ns/ 美:/ˌpɝsə'vɪrəns/","该版本不支持扩展词库。购买专业版",
770,"perspective","英:/pə'spektɪv/ 美:/pɚ'spɛktɪv/","- n. 远景，景
- 前途；希望
- 透视
- 透视图
- 观点，想法

副 词:  
perspectively",
771,"pertinent","英:/'pɜːtɪnənt/ 美:/'pɝtnənt/","adj. 有关的; 中肯的; 恰当的

副 词:  
pertinently",
772,"perturb","英:/pə'tɜːb/ 美:/pɚ'tɝb/","该版本不支持扩展词库。购买专业版",
773,"pharmacy","英:/'fɑ:məsi/ 美:/ˈfɑrməsi/","该版本不支持扩展词库。购买专业版",
774,"phenomenon","英:/fɪ'nɒmɪnən/ 美:/fə'nɑmɪnən/","- n. 现象
- 特殊的人[事物]

复 数: 
phenomena",
775,"photography","英:/fə'tɒgrəfɪ/ 美:/fə'tɑɡrəfi/","n. 摄影术",
776,"piecemeal","英:/'piːsmiːl/ 美:/'pismil/","- adv. 一块一块地;一件一件地;零碎地
- adj. 一块一块的;一件一件的;零碎的",
777,"pilot","英:/'paɪlət/ 美:/'paɪlət/","该版本不支持扩展词库。购买专业版",
778,"pinch","英:/pɪn(t)ʃ/ 美:/pɪntʃ/","该版本不支持扩展词库。购买专业版",
779,"pit","英:/pɪt/ 美:/pɪt/","该版本不支持扩展词库。购买专业版",
780,"pitch","英:/pɪtʃ/ 美:/pɪtʃ/","该版本不支持扩展词库。购买专业版",
781,"pitted","英:/'pɪtɪd/ 美:/'pɪtɪd/","该版本不支持扩展词库。购买专业版",
782,"pivot","英:/'pɪvət/ 美:/'pɪvət/","该版本不支持扩展词库。购买专业版",
783,"plagiarism","英:/'pleɪdʒərɪz(ə)m/ 美:/'pledʒə'rɪzəm/","- n. 剽窃,抄袭
- 剽窃物,抄袭物

名 词:  
plagiarist

形容词:  
plagiaristic",
784,"plain","英:/pleɪn/ 美:/plen/","该版本不支持扩展词库。购买专业版",
785,"plant","英:/plɑːnt/ 美:/plænt/","该版本不支持扩展词库。购买专业版",
786,"plasma physics","","该版本不支持扩展词库。购买专业版",
787,"plate","英:/pleɪt/ 美:/plet/","该版本不支持扩展词库。购买专业版",
788,"Plato","/'pleitəu/","该版本不支持扩展词库。购买专业版",
789,"Platon","","n. 普拉登（姓氏）",
790,"Platonist","/'pleitənist/","n. 柏拉图学派的人",
791,"play","英:/pleɪ/ 美:/ple/","该版本不支持扩展词库。购买专业版",
792,"pledge","英:/pledʒ/ 美:/plɛdʒ/","该版本不支持扩展词库。购买专业版",
793,"plunge","英:/plʌn(d)ʒ/ 美:/plʌndʒ/","该版本不支持扩展词库。购买专业版",
794,"plunging","/'plʌndʒɪŋ/","adj. 跳进的,突进的",
795,"plush","英:/plʌʃ/ 美:/plʌʃ/","该版本不支持扩展词库。购买专业版",
796,"pocket","英:/'pɒkɪt/ 美:/'pɑkɪt/","该版本不支持扩展词库。购买专业版",
797,"polish","英:/ˈpɒlɪʃ/ 美:/ˈpɑlɪʃ/","该版本不支持扩展词库。购买专业版",
798,"ponderous","英:/'pɒnd(ə)rəs/ 美:/'pɑndərəs/","- adj. 沉重的，笨重的
- 呆板的；沉闷的",
799,"popularization","/ˌpɔpjulərai'zeiʃən/","n. 普及",
800,"popularize","英:/ˈpɔpjələˌraɪz/ 美:/'pɑpjələraɪz/","- vt. 使受欢迎，使有名望
- 普及，推广
- 使通俗化；使易懂

时 态:  
popularized，popularizing，popularizes 

名 词:  
popularization

名 词:  
popularizer",
801,"porch","英:/pɔːtʃ/ 美:/pɔrtʃ/","该版本不支持扩展词库。购买专业版",
802,"pore","英:/pɔː/ 美:/pɔr/","该版本不支持扩展词库。购买专业版",
803,"pork","英:/pɔːk/ 美:/pɔrk/","该版本不支持扩展词库。购买专业版",
804,"porosity","英:/pɔː'rɒsɪtɪ/ 美:/pɔ'rɑsəti/","该版本不支持扩展词库。购买专业版",
805,"porridge","英:/'pɒrɪdʒ/ 美:/'pɔrɪdʒ/","该版本不支持扩展词库。购买专业版",
806,"portmanteau","英:/pɔːt'mæntəʊ/ 美:/ˌpot'mænto/","n. 旅行皮箱,混成词",
807,"possess","英:/pə'zes/ 美:/pə'zɛs/","该版本不支持扩展词库。购买专业版",
808,"possessive","英:/pə'zesɪv/ 美:/pə'zɛsɪv/","- adj. 所有(权)的；不愿分享的
- 所属关系的，所有格的
- n. 表示所属关系的词或词语形式
- adv. 占有地；所属关系地
- n. 占有，占有欲
- 所有格形容词",
809,"postpone","英:/pəʊs(t)'pəʊn/ 美:/po'spon/","该版本不支持扩展词库。购买专业版",
810,"postprocessing","/pəust,prəu'sesiŋ/","n. 后加工",
811,"pot","英:/pɒt/ 美:/pɑt/","该版本不支持扩展词库。购买专业版",
812,"potential","英:/pə(ʊ)'tenʃ(ə)l/ 美:/pə'tɛnʃl/","adj. 潜在的, 有可能的
n. 潜力；电位；电势；可能性

副 词:  
potentially",
813,"pound","英:/paʊnd/ 美:/paʊnd/","该版本不支持扩展词库。购买专业版",
814,"preach","英:/priːtʃ/ 美:/pritʃ/","该版本不支持扩展词库。购买专业版",
815,"precept","英:/'priːsept/ 美:/'prisɛpt/","该版本不支持扩展词库。购买专业版",
816,"predate","英:/priː'deɪt/ 美:/pri'det/","该版本不支持扩展词库。购买专业版",
817,"predicate","英:/'predɪkət/ 美:/'prɛdɪkət/","- vt. 断言；断定
- n. 谓语

时 态:  
predicated, predicating, predicates 

名 词:  
predication

形容词:  
predicative

副 词:  
predicatively",
818,"prejudice","英:/'predʒʊdɪs/ 美:/'prɛdʒədɪs/","- n. 成见, 偏见, 歧视
- vt. 使有偏见
- 不利于, 损害

时 态:  
prejudiced, prejudicing, prejudices",
819,"preliminary","英:/prɪ'lɪmɪn(ə)rɪ/ 美:/prɪ'lɪmɪnɛri/","- adj. 初步的, 预备的, 开端的
- n. 准备工作, 初步行动",
820,"preposition","英:/ˌprepə'zɪʃ(ə)n/ 美:/ˌprɛpə'zɪʃən/","n. 介词

时 态:  
prepositioned, prepositioning, prepositions",
821,"prerogative","英:/prɪ'rɒgətɪv/ 美:/prɪˈrɑɡətɪv/","- n. 权利,特权
- 大主教法庭
- 总督委任组成的法庭",
822,"prescription","英:/prɪ'skrɪpʃ(ə)n/ 美:/prɪ'skrɪpʃən/","- n. 药, 治疗方法
- 处方, 药方
- 开处方, 开药",
823,"presidency","英:/'prezɪd(ə)nsɪ/ 美:/'prɛzɪdənsi/","- n. 总统的职位
- 总统的任期",
824,"press","英:/pres/ 美:/prɛs/","该版本不支持扩展词库。购买专业版",
825,"prevail","英:/prɪ'veɪl/ 美:/pri'vel/","该版本不支持扩展词库。购买专业版",
826,"prevalent","英:/'prev(ə)l(ə)nt/ 美:/'prɛvələnt/","adj. 普遍的, 盛行的, 流行的",
827,"privilege","英:/'prɪvɪlɪdʒ/ 美:/'prɪvlɪdʒ/","- n. 特权；优待

- vt.给予…特权；特免

时 态:  
privileged, privileging, privileges",
828,"process","英:/'prəʊses/ 美:/'prɑsɛs/","该版本不支持扩展词库。购买专业版",
829,"produce","英:/prə'djuːs/ 美:/prə'dus/","该版本不支持扩展词库。购买专业版",
830,"proficient","英:/prə'fɪʃ(ə)nt/ 美:/prə'fɪʃnt/","adj. 精通的, 熟练的",
831,"projection","英:/prə'dʒekʃ(ə)n/ 美:/prə'dʒɛkʃən/","- n. 投掷,发射,喷射
- 投影,投影图
- 预测；推断；设想
- (电影)放映室",
832,"promise","英:/'prɒmɪs/ 美:/'prɑmɪs/","该版本不支持扩展词库。购买专业版",
833,"promotional","英:/prəˈməuʃənl/ 美:/prə'moʃənl/","adj. 促销的",
834,"propagate","英:/'prɒpəgeɪt/ 美:/'prɑpə'get/","- vt. & vi. 繁衍，增殖
- vt. 传播；宣传，普及

时 态:  
propagated，propagating，propagates 

形容词:  
propagable

名 词:  
propagator",
835,"Proprietary","英:/prə'praɪət(ə)rɪ/ 美:/prə'praɪətɛri/","控股公司
proprietary
- adj. 私有的
- 专利的, 有专利权的, 独占的
- 业主的",
836,"prospectors","","Free Dictionary在线词典
韦氏在线词典
必应在线词典
柯林斯在线词典
Urban Dictionary
剑桥词典
Dictionary.com在线词典
朗文当代英语在线词典
Ox Living Dict


点击管理在线词典",
837,"pry","英:/praɪ/ 美:/praɪ/","该版本不支持扩展词库。购买专业版",
838,"publicity","英:/pʌb'lɪsɪtɪ/ 美:/pʌb'lɪsəti/","- n. 公众的注意, 众所周知
- 宣传, 宣扬",
839,"pulsate","英:/pʌl'seɪt/ 美:/'pʌlset/","该版本不支持扩展词库。购买专业版",
840,"pump","英:/pʌmp/ 美:/pʌmp/","该版本不支持扩展词库。购买专业版",
841,"puppet","英:/'pʌpɪt/ 美:/'pʌpɪt/","该版本不支持扩展词库。购买专业版",
842,"puppy","英:/'pʌpɪ/ 美:/'pʌpi/","该版本不支持扩展词库。购买专业版",
843,"purse","英:/pɜːs/ 美:/pɝs/","该版本不支持扩展词库。购买专业版",
844,"push","英:/pʊʃ/ 美:/pʊʃ/","该版本不支持扩展词库。购买专业版",
845,"put up with","","忍受, 容忍",
846,"quantitative","英:/'kwɒntɪ,tətɪv/ 美:/'kwɑntətetɪv/","adj. 数量(上)的

副 词:  
quantitatively",
847,"quaternions","/kwə'tə:niən/","四元法",
848,"queer","英:/kwɪə/ 美:/kwɪr/","该版本不支持扩展词库。购买专业版",
849,"quinceanera","","Free Dictionary在线词典
韦氏在线词典
必应在线词典
柯林斯在线词典
Urban Dictionary
剑桥词典
Dictionary.com在线词典
朗文当代英语在线词典
Ox Living Dict


点击管理在线词典",
850,"quirk","英:/kwɜːk/ 美:/kwɝk/","该版本不支持扩展词库。购买专业版",
851,"quit","英:/kwɪt/ 美:/kwɪt/","该版本不支持扩展词库。购买专业版",
852,"quotient","英:/'kwəʊʃ(ə)nt/ 美:/'kwoʃnt/","该版本不支持扩展词库。购买专业版",
853,"ragtag","英:/'rægtæg/ 美:/'ræɡtæɡ/","该版本不支持扩展词库。购买专业版",
854,"rake","英:/reɪk/ 美:/rek/","该版本不支持扩展词库。购买专业版",
855,"randomness","/'rændəmnis/","n. 随意,无安排",
856,"ransom","英:/'ræns(ə)m/ 美:/'rænsəm/","该版本不支持扩展词库。购买专业版",
857,"rasp","英:/rɑːsp/ 美:/ræsp/","该版本不支持扩展词库。购买专业版",
858,"rate","英:/reɪt/ 美:/ret/","该版本不支持扩展词库。购买专业版",
859,"rational","英:/'ræʃ(ə)n(ə)l/ 美:/'ræʃnəl/","该版本不支持扩展词库。购买专业版",
860,"ratios","","Free Dictionary在线词典
韦氏在线词典
必应在线词典
柯林斯在线词典
Urban Dictionary
剑桥词典
Dictionary.com在线词典
朗文当代英语在线词典
Ox Living Dict


点击管理在线词典",
861,"raveled","","Free Dictionary在线词典
韦氏在线词典
必应在线词典
柯林斯在线词典
Urban Dictionary
剑桥词典
Dictionary.com在线词典
朗文当代英语在线词典
Ox Living Dict


点击管理在线词典",
862,"readily","英:/'redɪlɪ/ 美:/'rɛdɪli/","该版本不支持扩展词库。购买专业版",
863,"readjust","英:/riːə'dʒʌst/ 美:/ˌriə'dʒʌst/","该版本不支持扩展词库。购买专业版",
864,"realm","英:/relm/ 美:/rɛlm/","该版本不支持扩展词库。购买专业版",
865,"recession","英:/rɪ'seʃ(ə)n/ 美:/rɪ'sɛʃən/","- n. 经济衰退; 不景气
- 后退; 撤退; 撤回",
866,"reciprocal","英:/rɪ'sɪprək(ə)l/ 美:/rɪ'sɪprəkl/","adj. 互相给予的; 互惠的; 相互的

副 词:  
reciprocally",
867,"reciprocate","英:/rɪ'sɪprəkeɪt/ 美:/rɪ'sɪprəket/","- vt. & vi. 报答；酬答
- vi. (机器的部件)直线往复运动

时 态:  
reciprocated，reciprocating，reciprocates 

名 词:  
reciprocator",
868,"reckless","英:/'reklɪs/ 美:/'rɛkləs/","该版本不支持扩展词库。购买专业版",
869,"reckon","英:/'rek(ə)n/ 美:/'rɛkən/","该版本不支持扩展词库。购买专业版",
870,"recommendation","英:/ˌrekəmen'deɪʃ(ə)n/ 美:/ˌrɛkəmɛn'deʃən/","- n. 推荐, 劝告, 建议(尤做法)
- 推荐信, 介绍信

形容词:  
recommendatory",
871,"recourse","英:/rɪ'kɔːs/ 美:/'rikɔrs/","该版本不支持扩展词库。购买专业版",
872,"recruitment","英:/rɪˈkru:tmənt/ 美:/rɪ'krʊtmənt/","- n. 征募新兵
- 补充",
873,"redeem","英:/riˈdi:m/ 美:/rɪ'dim/","该版本不支持扩展词库。购买专业版",
874,"reduced","/ri'dju:st/","该版本不支持扩展词库。购买专业版",
875,"refectory","英:/rɪ'fekt(ə)rɪ/ 美:/rɪ'fɛktri/","n. (修道院、学院等的)食堂,餐厅",
876,"refute","英:/rɪ'fjuːt/ 美:/ri'fjʊt/","该版本不支持扩展词库。购买专业版",
877,"regard","英:/rɪ'gɑːd/ 美:/rɪ'ɡɑrd/","该版本不支持扩展词库。购买专业版",
878,"registry","英:/'redʒɪstrɪ/ 美:/'rɛdʒɪstri/","该版本不支持扩展词库。购买专业版",
879,"reify","英:/'riːɪfaɪ/ 美:/'refaɪ/","该版本不支持扩展词库。购买专业版",
880,"remain","英:/rɪ'meɪn/ 美:/rɪ'men/","该版本不支持扩展词库。购买专业版",
881,"remark","英:/rɪ'mɑːk/ 美:/rɪ'mɑrk/","该版本不支持扩展词库。购买专业版",
882,"removal","英:/rɪ'muːv(ə)l/ 美:/rɪ'muvl/","该版本不支持扩展词库。购买专业版",
883,"rendezvous","英:/'rɒndɪvuː/ 美:/'rɑndevʊ/","- n. 约会, 幽会
- 约会的地点(和时间)
- 公共聚会场所
- vi. 约会, 会合",
884,"renege","英:/rɪ'neɪg/ 美:/rɪ'niɡ/","该版本不支持扩展词库。购买专业版",
885,"report","英:/rɪ'pɔːt/ 美:/rɪ'pɔrt/","该版本不支持扩展词库。购买专业版",
886,"reprimand","英:/ˈreprəˌmænd/ 美:/'rɛprɪmænd/","- n. 训斥, 惩戒
- vt. 申斥, 惩戒, 谴责

时 态:  
reprimanded, reprimanding, reprimands",
887,"reproduction","英:/riːprə'dʌkʃ(ə)n/ 美:/ˌriprə'dʌkʃən/","- n. 繁殖,生殖,繁殖方式
- 复制,再现
- 复制品",
888,"reptile","英:/'reptaɪl/ 美:/'rɛptaɪl/","该版本不支持扩展词库。购买专业版",
889,"reservation","英:/rezə'veɪʃ(ə)n/ 美:/ˌrɛzɚ'veʃən/","- n. 保留的座位[住处]等; 预订
- 保留意见; 保留态度
- (美洲印第安部落的)居留地",
890,"residue","英:/'rezɪdjuː/ 美:/'rɛzɪdu/","该版本不支持扩展词库。购买专业版",
891,"resign","英:/rɪ'zaɪn/ 美:/rɪ'zaɪn/","该版本不支持扩展词库。购买专业版",
892,"resistance","英:/rɪ'zɪst(ə)ns/ 美:/rɪ'zɪstəns/","- n. 抵抗, 反抗, 抵抗能力
- 阻力
- 电阻, 热阻

形容词:  
resistant",
893,"respiratory","英:/rɪ'spɪrət(ə)rɪ/ 美:/'rɛspərətɔri/","adj. 呼吸的,呼吸用的",
894,"restricted","英:/rɪ'strɪktɪd/ 美:/rɪ'strɪktɪd/","- adj. 有一定限制的,有限的,受约束的
- (指土地)对公众不完全开放的
- (指土地)对军人不完全开放的
- adv. 有限地,受约束地
- 对公众不完全开放地
- 对军人不完全开放地
- n. 有限,约束

副 词:  
restrictedly",
895,"result","英:/rɪ'zʌlt/ 美:/rɪ'zʌlt/","该版本不支持扩展词库。购买专业版",
896,"resurgences","","Free Dictionary在线词典
韦氏在线词典
必应在线词典
柯林斯在线词典
Urban Dictionary
剑桥词典
Dictionary.com在线词典
朗文当代英语在线词典
Ox Living Dict


点击管理在线词典",
897,"retrofit","英:/'retrəʊfɪt/ 美:/'rɛtrofɪt/","该版本不支持扩展词库。购买专业版",
898,"reverberate","英:/rɪ'vɜːbəreɪt/ 美:/rɪ'vɝbə'ret/","- vi. 回响；回荡
- vt. 使反响；使回荡；使反射
- adj. 反响(性)的；反射(性)的
- n. 反射器；反射灯；反射炉
- adj. 回响的；反射的；反焰的；反射炉的
- n. 反射炉

时 态:  
reverberated，reverberating，reverberates 

名 词:  
reverberator",
899,"reverse","英:/rɪ'vɜːs/ 美:/rɪ'vɝs/","该版本不支持扩展词库。购买专业版",
900,"reverser","/ri'və:sə/","n. 换向开关,回动器,换向器,复位器,选别器",
901,"rhombic","英:/'rɒmbɪk/ 美:/'rɑmbɪk/","该版本不支持扩展词库。购买专业版",
902,"rhombus","英:/'rɒmbəs/ 美:/'rɑmbəs/","该版本不支持扩展词库。购买专业版",
903,"ridge","英:/rɪdʒ/ 美:/rɪdʒ/","该版本不支持扩展词库。购买专业版",
904,"ridicule","英:/'rɪdɪkjuːl/ 美:/'rɪdɪ'kjʊl/","该版本不支持扩展词库。购买专业版",
905,"rigorous","英:/'rɪg(ə)rəs/ 美:/'rɪɡərəs/","该版本不支持扩展词库。购买专业版",
906,"rigour","英:/'rɪgə/ 美:/ˈrɪɡɚ/","该版本不支持扩展词库。购买专业版",
907,"rinse","英:/rɪns/ 美:/rɪns/","该版本不支持扩展词库。购买专业版",
908,"rinsing","英:/'rɪnsɪŋ/ 美:/'rɪnsɪŋ/","该版本不支持扩展词库。购买专业版",
909,"ripen","英:/'raɪp(ə)n/ 美:/'raɪpən/","该版本不支持扩展词库。购买专业版",
910,"ritual","英:/'rɪtʃʊəl/ 美:/'rɪtʃuəl/","该版本不支持扩展词库。购买专业版",
911,"roared","","Free Dictionary在线词典
韦氏在线词典
必应在线词典
柯林斯在线词典
Urban Dictionary
剑桥词典
Dictionary.com在线词典
朗文当代英语在线词典
Ox Living Dict


点击管理在线词典",
912,"roast","英:/rəʊst/ 美:/rost/","该版本不支持扩展词库。购买专业版",
913,"rob","英:/rɒb/ 美:/rɑb/","该版本不支持扩展词库。购买专业版",
914,"root","英:/ruːt/ 美:/rut/","该版本不支持扩展词库。购买专业版",
915,"rooting","/'ru:tiŋ/","该版本不支持扩展词库。购买专业版",
916,"round","英:/raʊnd/ 美:/raʊnd/","该版本不支持扩展词库。购买专业版",
917,"route","英:/ruːt/ 美:/rut/","该版本不支持扩展词库。购买专业版",
918,"rove","英:/rəʊv/ 美:/rov/","该版本不支持扩展词库。购买专业版",
919,"rubble","英:/'rʌb(ə)l/ 美:/'rʌbl/","该版本不支持扩展词库。购买专业版",
920,"Rule-Based Approach","","Free Dictionary在线词典
韦氏在线词典
必应在线词典
柯林斯在线词典
Urban Dictionary
剑桥词典
Dictionary.com在线词典
朗文当代英语在线词典
Ox Living Dict


点击管理在线词典",
921,"runoff","英:/'rʌnɒf/ 美:/'rʌnɔf/","该版本不支持扩展词库。购买专业版",
922,"rupture","英:/'rʌptʃə/ 美:/'rʌptʃɚ/","该版本不支持扩展词库。购买专业版",
923,"ruthless","英:/'ruːθlɪs/ 美:/'rʊθləs/","该版本不支持扩展词库。购买专业版",
924,"sack","英:/sæk/ 美:/sæk/","该版本不支持扩展词库。购买专业版",
925,"salient","英:/'seɪlɪənt/ 美:/'selɪənt/","该版本不支持扩展词库。购买专业版",
926,"sanitize","英:/'sænɪtaɪz/ 美:/ˈsænɪˌtaɪz/","该版本不支持扩展词库。购买专业版",
927,"sanitizer","/'sænə,taɪzɚ/","(食物加工设备所用的)消毒杀菌剂",
928,"sap","英:/sæp/ 美:/sæp/","该版本不支持扩展词库。购买专业版",
929,"sapped","/sæpt/","adj. 受冰川作用侵蚀(或裂碎)的",
930,"sappy","英:/'sæpɪ/ 美:/'sæpi/","该版本不支持扩展词库。购买专业版",
931,"saw","英:/sɔː/ 美:/sɔ/","该版本不支持扩展词库。购买专业版",
932,"scale","英:/skeɪl/ 美:/skel/","该版本不支持扩展词库。购买专业版",
933,"scenario","英:/sɪ'nɑːrɪəʊ/ 美:/sə'nærɪo/","该版本不支持扩展词库。购买专业版",
934,"scheme","英:/skiːm/ 美:/skim/","该版本不支持扩展词库。购买专业版",
935,"schism","英:/'sɪz(ə)m/ 美:/'skɪzəm/","该版本不支持扩展词库。购买专业版",
936,"schwa","英:/ʃwɑː/ 美:/ʃwɑ/","该版本不支持扩展词库。购买专业版",
937,"scribe","英:/skraɪb/ 美:/skraɪb/","该版本不支持扩展词库。购买专业版",
938,"script","英:/skrɪpt/ 美:/skrɪpt/","该版本不支持扩展词库。购买专业版",
939,"scrutiny","英:/'skruːtɪnɪ/ 美:/'skrutəni/","该版本不支持扩展词库。购买专业版",
940,"scythe","英:/saɪð/ 美:/saɪð/","该版本不支持扩展词库。购买专业版",
941,"secondary","英:/'sek(ə)nd(ə)rɪ/ 美:/'sɛkəndɛri/","- adj. 次要的, 次等的
- 中级的, 第二的

副 词:  
secondarily",
942,"secretive","英:/'siːkrɪtɪv/ 美:/'sɪkrətɪv/","adj. 遮遮掩掩的,守口如瓶的,秘密的

副 词:  
secretively

名 词:  
secretiveness",
943,"secular","英:/'sekjʊlə/ 美:/'sɛkjəlɚ/","该版本不支持扩展词库。购买专业版",
944,"secure","英:/sɪ'kjʊə/ 美:/sə'kjʊr/","该版本不支持扩展词库。购买专业版",
945,"sedate","英:/sɪ'deɪt/ 美:/sɪˈdet/","该版本不支持扩展词库。购买专业版",
946,"sedentary","英:/'sed(ə)nt(ə)rɪ/ 美:/'sɛdntɛri/","- adj. 坐着的
-  (指工作等)坐着干的,案头的
-  (指人)不爱活动的

副 词:  
sedentarily

名 词:  
sedentariness",
947,"semantics","英:/sɪ'mæntɪks/ 美:/sə'mæntɪks/","n. 语义学",
948,"semiconductor","英:/ˌsemɪkən'dʌktə/ 美:/ˌsɛmɪkən'dʌktɚ/","n. 〈物〉半导体

形容词:  
semiconducting",
949,"sensitive","英:/'sensɪtɪv/ 美:/'sɛnsətɪv/","- adj. 易受伤害的，易损坏的；易受影响的；敏感的
- 易生气的；感情容易冲动的；神经质的
- 〈褒〉有细腻感情的；同情理解的
- (指仪器等)灵敏的
- 需要小心处理(以免引起麻烦或冒犯)的，敏感的，微妙的

副 词:  
sensitively

名 词:  
sensitiveness",
950,"sensitivity","英:/sensɪ'tɪvɪtɪ/ 美:/'sɛnsə'tɪvəti/","n. 敏感;敏感度",
951,"sentiment","英:/'sentɪm(ə)nt/ 美:/'sɛntɪmənt/","- n. (对怜悯、怀旧等的)柔情
- 态度或意见
- 观点; 意见",
952,"sentimentality","英:/ˌsentɪmen'tælɪtɪ/ 美:/ˌsɛntɪmɛn'tæləti/","n. 多愁善感,感伤癖",
953,"sentry","英:/'sentrɪ/ 美:/'sɛntri/","该版本不支持扩展词库。购买专业版",
954,"serf","英:/sɜːf/ 美:/sɝf/","该版本不支持扩展词库。购买专业版",
955,"severely","英:/si'viəli/ 美:/səˈvɪrlɪ/","该版本不支持扩展词库。购买专业版",
956,"sewage","英:/'suːɪdʒ/ 美:/'sʊɪdʒ/","该版本不支持扩展词库。购买专业版",
957,"shallow","英:/'ʃæləʊ/ 美:/'ʃælo/","该版本不支持扩展词库。购买专业版",
958,"share","英:/ʃeə/ 美:/ʃɛr/","该版本不支持扩展词库。购买专业版",
959,"shiver","英:/'ʃɪvə/ 美:/'ʃɪvɚ/","该版本不支持扩展词库。购买专业版",
960,"shivery","英:/'ʃɪv(ə)rɪ/ 美:/ˈʃɪvəri/","该版本不支持扩展词库。购买专业版",
961,"shone","英:/ʃɒn/ 美:/ʃon/","vi. 发光（shine的过去式及过去分词）",
962,"short","英:/ʃɔ:t/ 美:/ʃɔrt/","该版本不支持扩展词库。购买专业版",
963,"shot down","","Free Dictionary在线词典
韦氏在线词典
必应在线词典
柯林斯在线词典
Urban Dictionary
剑桥词典
Dictionary.com在线词典
朗文当代英语在线词典
Ox Living Dict


点击管理在线词典",
964,"shout","英:/ʃaʊt/ 美:/ʃaʊt/","该版本不支持扩展词库。购买专业版",
965,"shove","英:/ʃʌv/ 美:/ʃʌv/","该版本不支持扩展词库。购买专业版",
966,"shovel","英:/'ʃʌv(ə)l/ 美:/'ʃʌvl/","该版本不支持扩展词库。购买专业版",
967,"shoveled","","Free Dictionary在线词典
韦氏在线词典
必应在线词典
柯林斯在线词典
Urban Dictionary
剑桥词典
Dictionary.com在线词典
朗文当代英语在线词典
Ox Living Dict


点击管理在线词典",
968,"Siberia","/sai'biəriə/","该版本不支持扩展词库。购买专业版",
969,"side","英:/saɪd/ 美:/saɪd/","该版本不支持扩展词库。购买专业版",
970,"sideways","英:/'saɪdweɪz/ 美:/'saɪdwez/","该版本不支持扩展词库。购买专业版",
971,"silk","英:/sɪlk/ 美:/sɪlk/","该版本不支持扩展词库。购买专业版",
972,"simply","英:/'sɪmplɪ/ 美:/'sɪmpli/","该版本不支持扩展词库。购买专业版",
973,"single out","","该版本不支持扩展词库。购买专业版",
974,"singlet","英:/'sɪŋglɪt/ 美:/ˈsɪŋɡlɪt/","该版本不支持扩展词库。购买专业版",
975,"sirens","/'saiərən/","- n. 汽笛，警报器（siren的复数）
- v. 引诱；鸣笛行驶（siren的第三人称单数）",
976,"site","英:/saɪt/ 美:/saɪt/","- n. 位置，场所，地点
- vt. 使坐落在；设置

时 态:  
sited，siting，sites",
977,"slam","英:/slæm/ 美:/slæm/","该版本不支持扩展词库。购买专业版",
978,"slide","英:/slaɪd/ 美:/slaɪd/","该版本不支持扩展词库。购买专业版",
979,"slightly","英:/ˈslaɪtli:/ 美:/'slaɪtli/","该版本不支持扩展词库。购买专业版",
980,"sling","英:/slɪŋ/ 美:/slɪŋ/","该版本不支持扩展词库。购买专业版",
981,"slit","英:/slɪt/ 美:/slɪt/","该版本不支持扩展词库。购买专业版",
982,"slope","英:/sləʊp/ 美:/slop/","该版本不支持扩展词库。购买专业版",
983,"slump","英:/slʌmp/ 美:/slʌmp/","该版本不支持扩展词库。购买专业版",
984,"snag","英:/snæg/ 美:/snæɡ/","该版本不支持扩展词库。购买专业版",
985,"snap at","","厉声斥责, 企图去咬",
986,"snapshot","英:/'snæpʃɒt/ 美:/'snæpʃɑt/","该版本不支持扩展词库。购买专业版",
987,"snarl","英:/snɑːl/ 美:/snɑrl/","该版本不支持扩展词库。购买专业版",
988,"sneak","英:/sniːk/ 美:/snik/","该版本不支持扩展词库。购买专业版",
989,"sniffing","/snɪf/","n. 探查法",
990,"snoozing","","Free Dictionary在线词典
韦氏在线词典
必应在线词典
柯林斯在线词典
Urban Dictionary
剑桥词典
Dictionary.com在线词典
朗文当代英语在线词典
Ox Living Dict


点击管理在线词典",
991,"snug","英:/snʌg/ 美:/snʌɡ/","该版本不支持扩展词库。购买专业版",
992,"soap powder","","该版本不支持扩展词库。购买专业版",
993,"soar","英:/sɔː/ 美:/sɔr/","该版本不支持扩展词库。购买专业版",
994,"soaring","英:/'sɔ:riŋ/ 美:/ˈsɔrɪŋ/","该版本不支持扩展词库。购买专业版",
995,"soever","英:/səʊ'evə/ 美:/so'ɛvɚ/","adv. 任何，不论何种；无论",
996,"solace","英:/'sɒlɪs/ 美:/ˈsɑlɪs/","该版本不支持扩展词库。购买专业版",
997,"sole","英:/səʊl/ 美:/sol/","该版本不支持扩展词库。购买专业版",
998,"somatotype","英:/'səʊmətə(ʊ)taɪp/ 美:/ˌso'mætaɪp/","- n. 体型分类
- v. 按体型分类",
999,"soon","英:/suːn/ 美:/sun/","该版本不支持扩展词库。购买专业版",
1000,"sorption","英:/'sɔːpʃ(ə)n/ 美:/'sɔrpʃən/","该版本不支持扩展词库。购买专业版",
1001,"sort out","","vt. 整理,选出,解决,惩罚,把...分类",
1002,"sour","英:/saʊə/ 美:/'saʊɚ/","该版本不支持扩展词库。购买专业版",
1003,"sourpuss","英:/'saʊəpʊs/ 美:/'saʊɚpʊs/","该版本不支持扩展词库。购买专业版",
1004,"Spam","英:/spæm/ 美:/spæm/","该版本不支持扩展词库。购买专业版",
1005,"spanned","/spænd/","adj. (细胞或微生物的培养)生活期有限的",
1006,"spare","英:/speə/ 美:/spɛr/","该版本不支持扩展词库。购买专业版",
1007,"spawned","","v. 孵出；引起（spawn的过去分词）",
1008,"specify","英:/'spesɪfaɪ/ 美:/'spɛsɪfaɪ/","该版本不支持扩展词库。购买专业版",
1009,"spectra","英:/'spektrə/ 美:/'spɛktrə/","n. 范围,光谱",
1010,"speculation","英:/ˌspekjʊ'leɪʃn/ 美:/ˌspɛkju'leʃən/","- n. 思考，思索
- 推断，推测；猜测
- 投机活动
- 投机买卖，投机生意",
1011,"spill","英:/spɪl/ 美:/spɪl/","该版本不支持扩展词库。购买专业版",
1012,"spilt","英:/spɪlt/ 美:/spɪlt/","spill的过去式及过去分词",
1013,"spit","英:/spɪt/ 美:/spɪt/","该版本不支持扩展词库。购买专业版",
1014,"spiteful","英:/'spaɪtfʊl/ 美:/'spaɪtfl/","该版本不支持扩展词库。购买专业版",
1015,"spooky","英:/'spu:ki/ 美:/ˈspuki/","该版本不支持扩展词库。购买专业版",
1016,"spouse","英:/spaʊz/ 美:/spaʊs/","该版本不支持扩展词库。购买专业版",
1017,"spread out","","该版本不支持扩展词库。购买专业版",
1018,"sputter","英:/'spʌtə/ 美:/'spʌtɚ/","该版本不支持扩展词库。购买专业版",
1019,"square","英:/skweə/ 美:/skwɛr/","该版本不支持扩展词库。购买专业版",
1020,"squirrel","英:/'skwɪr(ə)l/ 美:/'skwɝəl/","该版本不支持扩展词库。购买专业版",
1021,"stab","英:/stæb/ 美:/stæb/","该版本不支持扩展词库。购买专业版",
1022,"stabilizer","英:/'steɪbɪlaɪzə/ 美:/'stebə'laɪzɚ/","- n. 安定装置;安定翼
- 有安定作用之人(或物)
- 稳定者",
1023,"stagnant","英:/'stægnənt/ 美:/'stægnənt/","该版本不支持扩展词库。购买专业版",
1024,"stalk","英:/stɔːk/ 美:/stɔk/","该版本不支持扩展词库。购买专业版",
1025,"stances","/stɑ:ns/","n. 步型；姿态（stance的复数）",
1026,"staple","英:/'steɪp(ə)l/ 美:/'stepl/","该版本不支持扩展词库。购买专业版",
1027,"startle","英:/'stɑːt(ə)l/ 美:/'stɑrtl/","该版本不支持扩展词库。购买专业版",
1028,"statement","英:/'steɪtm(ə)nt/ 美:/'stetmənt/","- n. 声明, 陈述
- 结算单, 报表",
1029,"stationary","英:/'steɪʃ(ə)n(ə)rɪ/ 美:/'steʃənɛri/","adj. 固定的；静止的；定居的；常备军的
n. 不动的人；驻军",
1030,"steadily","英:/ˈstedɪlɪ/ 美:/'stɛdəli/","该版本不支持扩展词库。购买专业版",
1031,"steel","英:/stiːl/ 美:/stil/","该版本不支持扩展词库。购买专业版",
1032,"steeple","英:/'stiːp(ə)l/ 美:/'stipl/","该版本不支持扩展词库。购买专业版",
1033,"stench","英:/sten(t)ʃ/ 美:/stɛntʃ/","该版本不支持扩展词库。购买专业版",
1034,"step down","","该版本不支持扩展词库。购买专业版",
1035,"step in","","vt. 走进(介入, 干预, 伸脚穿入)",
1036,"stereotype","英:/'sterɪə(ʊ)taɪp/ 美:/'stɛrɪətaɪp/","- n. 老套, 模式化的见解, 有老一套固定想法的人
- vt. 把…模式化, 使成陈规

时 态:  
stereotyped, stereotyping, stereotypes 

名 词:  
stereotyper",
1037,"stiff","英:/stɪf/ 美:/stɪf/","该版本不支持扩展词库。购买专业版",
1038,"sting","英:/stɪŋ/ 美:/stɪŋ/","该版本不支持扩展词库。购买专业版",
1039,"stint","英:/stɪnt/ 美:/stɪnt/","该版本不支持扩展词库。购买专业版",
1040,"stock","英:/stɒk/ 美:/stɑk/","该版本不支持扩展词库。购买专业版",
1041,"strangle","英:/'stræŋg(ə)l/ 美:/'stræŋɡl/","该版本不支持扩展词库。购买专业版",
1042,"strap","英:/stræp/ 美:/stræp/","该版本不支持扩展词库。购买专业版",
1043,"stratify","英:/'strætɪfaɪ/ 美:/'strætɪfaɪ/","该版本不支持扩展词库。购买专业版",
1044,"stroke","英:/strəʊk/ 美:/strok/","该版本不支持扩展词库。购买专业版",
1045,"stub","英:/stʌb/ 美:/stʌb/","该版本不支持扩展词库。购买专业版",
1046,"studded","/'stʌdɪd/","该版本不支持扩展词库。购买专业版",
1047,"stunning","英:/'stʌnɪŋ/ 美:/'stʌnɪŋ/","该版本不支持扩展词库。购买专业版",
1048,"stylus","英:/'staɪləs/ 美:/'staɪləs/","该版本不支持扩展词库。购买专业版",
1049,"subject to","","易受...影响的,屈服于...的,让步于...",
1050,"substantiate","英:/səb'stænʃɪeɪt/ 美:/səb'stænʃɪet/","vt. 用事实支持(某主张、说法等)；证明，证实

时 态:  
substantiated，substantiating，substantiates 

名 词:  
substantiation",
1051,"substantive","英:/səbˈstæntɪv/ 美:/ˈsʌbstəntɪv/","- adj. 真的，真实的，实在的，实际的
- (军衔)永久的；非临时的
- adv. 真实地
- n. 真实

副 词:  
substantively",
1052,"substitute","英:/'sʌbstɪtjuːt/ 美:/'sʌbstɪtut/","vt. & vi. 代替, 替换, 代用

时 态:  
substituted, substituting, substitutes 

名 词:  
substitutability

形容词:  
substitutable",
1053,"substituted","/'sʌbstə,tjʊt/","取代的,代替的",
1054,"substrate","英:/'sʌbstreɪt/ 美:/'sʌbstret/","- n. (供绘画、印刷等的)底面，基底；基片
- 酶作用物
- (有机体的)培养基",
1055,"such-and-such","/'sʌtʃən'sʌtʃ/","- adj. 如此这般的,这样那样的,某某的
- pron. 某某人或事物,这样的人或事物",
1056,"suggest","英:/sə'dʒest/ 美:/sə'dʒɛst/","该版本不支持扩展词库。购买专业版",
1057,"suggestion","英:/sə'dʒestʃ(ə)n/ 美:/sə'dʒɛstʃən/","- n. 建议, 意见
- 细微的迹象",
1058,"summon","英:/'sʌmən/ 美:/'sʌmən/","该版本不支持扩展词库。购买专业版",
1059,"supperless","/'sʌpəlis/","adj. 未吃晚饭的,没有晚饭的",
1060,"supplementary","英:/ˌsʌplɪ'ment(ə)rɪ/ 美:/ˌsʌplɪ'mɛntri/","adj. 增补的; 补充的",
1061,"surmount","英:/sə'maʊnt/ 美:/sɚ'maʊnt/","该版本不支持扩展词库。购买专业版",
1062,"surname","英:/'sɜːneɪm/ 美:/'sɝ'nem/","该版本不支持扩展词库。购买专业版",
1063,"surround","英:/sə'raʊnd/ 美:/sə'raʊnd/","该版本不支持扩展词库。购买专业版",
1064,"suspicion","英:/sə'spɪʃ(ə)n/ 美:/sə'spɪʃən/","- n. 怀疑, 嫌疑
- 疑心, 猜疑
- 一点儿, 少量

时 态:  
suspicioned, suspicioning, suspicions",
1065,"suspicious","英:/sə'spɪʃəs/ 美:/sə'spɪʃəs/","- adj. 猜疑的, 疑心的
- 可疑的
- 表示怀疑的

副 词:  
suspiciously",
1066,"swath","英:/swɒθ/ 美:/sweð/","该版本不支持扩展词库。购买专业版",
1067,"swirl","英:/swɜːl/ 美:/swɝl/","该版本不支持扩展词库。购买专业版",
1068,"switch to","","转变",
1069,"symbiotic","/sɪmbaɪ'ɑtɪk/","adj. 共生的",
1070,"syndrome","英:/'sɪndrəʊm/ 美:/'sɪndrəm/","该版本不支持扩展词库。购买专业版",
1071,"synthesize","英:/ˈsɪnθɪˌsaɪz/ 美:/'sɪnθəsaɪz/","- vt. 综合, 使合成
- 人工合成

时 态:  
synthesized, synthesizing, synthesizes",
1072,"synthetically","英:/sin'θetikəli/ 美:/sɪnˈ θ ɛtɪk l..ɪ/","- adv. 综合地
- 以合成方法",
1073,"tacit","英:/'tæsɪt/ 美:/'tæsɪt/","该版本不支持扩展词库。购买专业版",
1074,"taciturn","英:/'tæsɪtɜːn/ 美:/'tæsɪtɝn/","该版本不支持扩展词库。购买专业版",
1075,"tailor","英:/'teɪlə/ 美:/'telɚ/","该版本不支持扩展词库。购买专业版",
1076,"tailored","英:/'teɪləd/ 美:/'telɚd/","该版本不支持扩展词库。购买专业版",
1077,"take the plunge","","Free Dictionary在线词典
韦氏在线词典
必应在线词典
柯林斯在线词典
Urban Dictionary
剑桥词典
Dictionary.com在线词典
朗文当代英语在线词典
Ox Living Dict


点击管理在线词典",
1078,"taken","英:/'teɪkn/ 美:/'tekən/","该版本不支持扩展词库。购买专业版",
1079,"tan","英:/tæn/ 美:/tæn/","- n. 黄褐色, 棕黄色
- vt. & vi. (使)晒成棕褐色
- vt. 硝制(皮革)
TANabbr. total ammonia nitrogen 总氨氮

时 态:  
tanned, tanning, tans 

形容词:  
tannish",
1080,"tangent","英:/'tæn(d)ʒ(ə)nt/ 美:/'tændʒənt/","该版本不支持扩展词库。购买专业版",
1081,"teachings","/'ti:tʃiŋ/","说",
1082,"tear-out","/'tεəraut/","撕下",
1083,"techniques","/tek'ni:k/","经营技巧",
1084,"telecommute","英:/ˌtɛlɪkə'mjut/ 美:/ˈtɛlɪkəˌmjut/","vi. (在家里通过使用与工作单位连接的计算机终端)远距离工作

时 态:  
telecommuted, telecommuting, telecommutes  

名 词:  
telecommuter",
1085,"tempest","英:/'tempɪst/ 美:/'tɛmpɪst/","该版本不支持扩展词库。购买专业版",
1086,"tempest-tossed","/'tempist,tɔst/","adj. 受暴风雨戏弄的,连遭打击的",
1087,"tempting","英:/'tem(p)tɪŋ/ 美:/'tɛmptɪŋ/","该版本不支持扩展词库。购买专业版",
1088,"tenor","英:/'tenə/ 美:/'tɛnɚ/","该版本不支持扩展词库。购买专业版",
1089,"tentative","英:/'tentətɪv/ 美:/'tɛntətɪv/","adj. 试探性的; 试验的; 尝试性的

副 词:  
tentatively

名 词:  
tentativeness",
1090,"terminology","英:/ˌtɜːmɪ'nɒlədʒɪ/ 美:/ˌtɝmə'nɑlədʒi/","- n. 专门用语；术语；术语学
- 术语的正确使用, 术语用法

形容词:  
terminological",
1091,"terrifically","/tə'rifikli/","adv. 非常;极其",
1092,"terrify","英:/'terɪfaɪ/ 美:/'tɛrɪfaɪ/","该版本不支持扩展词库。购买专业版",
1093,"testify","英:/'testɪfaɪ/ 美:/'tɛstɪfaɪ/","该版本不支持扩展词库。购买专业版",
1094,"tetrahedron","英:/ˌtetrə'hiːdrən/ 美:/ˌtɛtrəˈhidrən/","n. 四面体",
1095,"textured","/'tekstʃəd/","该版本不支持扩展词库。购买专业版",
1096,"the","英:/ðə/ 美:/ði,ðə/","- art. 这；那
- adv. 更加（用于比较级，最高级前）

THEabbr. Technical Help to Exporters 出口商的技术协助",
1097,"theater","英:/'θiətə/ 美:/ˈθiətɚ/","该版本不支持扩展词库。购买专业版",
1098,"theatre","英:/'θiətə/ 美:/ˈθiətɚ/","该版本不支持扩展词库。购买专业版",
1099,"theatrical","英:/θɪ'ætrɪk(ə)l/ 美:/θɪ'ætrɪkl/","- adj. 戏剧的；剧场的
- 炫耀的；戏剧性的；演戏似的；不自然的

名 词:  
theatricality

副 词:  
theatrically",
1100,"theorem","英:/'θɪərəm/ 美:/'θiərəm/","该版本不支持扩展词库。购买专业版",
1101,"This really begs the question what the actual irreducible amount of real information in a particular block of data re- ally is; many messages, political speeches, and even sometimes book chapters, contain large amounts of extraneous padding that is not really needed.","","Free Dictionary在线词典
韦氏在线词典
必应在线词典
柯林斯在线词典
Urban Dictionary
剑桥词典
Dictionary.com在线词典
朗文当代英语在线词典
Ox Living Dict


点击管理在线词典",
1102,"thoroughly","英:/'θʌrəli/ 美:/ˈ θə..olɪ/","- adv. 彻底地；认真仔细地
- 完全地；非常，极其",
1103,"thrash","英:/θræʃ/ 美:/θræʃ/","该版本不支持扩展词库。购买专业版",
1104,"throw","英:/θrəʊ/ 美:/θroʊ/","该版本不支持扩展词库。购买专业版",
1105,"thrush","英:/θrʌʃ/ 美:/θrʌʃ/","该版本不支持扩展词库。购买专业版",
1106,"tight","英:/taɪt/ 美:/taɪt/","该版本不支持扩展词库。购买专业版",
1107,"tips","/tɪp/","n. 秘诀，技巧；小贴士，小窍门

TIPSabbr. Technical Information Processing System 技术情报处理系统
TIPSabbr. Technical Information Processing System 〈美〉技术情报处理系统",
1108,"tirelessly","英:/ˈtaɪəlɪslɪ/ 美:/'taɪrlɪsli/","- adv. 不知疲倦地
- 不屈不挠地;坚忍地",
1109,"to","英:/tə,tu,tuː/ 美:/tə,tu,tuː/","- adv. 向前；（门等）关上
- prep. 向；到；（表示时间、方向）朝…方向

TOabbr. Technical Observer 技术观察员",
1110,"topography","英:/tə'pɒgrəfɪ/ 美:/tə'pɑgrəfi/","- n. 地形学,地形测量学
- 地形,地貌,地势

名 词:  
topograph

形容词:  
topographic",
1111,"torpedo","英:/tɔː'piːdəʊ/ 美:/tɔr'pido/","该版本不支持扩展词库。购买专业版",
1112,"toss","英:/tɒs/ 美:/tɔs/","该版本不支持扩展词库。购买专业版",
1113,"tough","英:/tʌf/ 美:/tʌf/","该版本不支持扩展词库。购买专业版",
1114,"trace","英:/treɪs/ 美:/tres/","该版本不支持扩展词库。购买专业版",
1115,"trade-off","英:/'treidɔf,-ɔ:f/ 美:/ˈtredˌɔf/","n. 交换,协定,交易,平衡",
1116,"tragic","英:/'trædʒɪk/ 美:/'trædʒɪk/","该版本不支持扩展词库。购买专业版",
1117,"trailblazer","英:/'treɪlbleɪzə/ 美:/ˈtrelˌblezɚ/","n. 开路的人,先驱者,开拓者",
1118,"trailer","英:/'treɪlə/ 美:/'trelɚ/","该版本不支持扩展词库。购买专业版",
1119,"trajectory","英:/trə'dʒekt(ə)rɪ/ 美:/trə'dʒɛktəri/","- n. 弹道，轨迹；轨道
- 轨线；常角轨道",
1120,"transient","英:/'trænzɪənt/ 美:/ˈtrænʃənt/","adj. 短暂的; 片刻的; 转瞬即逝的",
1121,"transit","英:/'trænsɪt/ 美:/ˈtrænsɪt/","该版本不支持扩展词库。购买专业版",
1122,"transpacific","英:/ˌtrænspə'sɪfɪk/ 美:/ˌtrænzpə'sɪfɪk/","adj. 横渡太平洋的,太平洋彼岸的",
1123,"transparent","英:/træn'spær(ə)nt/ 美:/træns'pærənt/","- adj. 透明的
- 含义清楚的, 显而易见的

副 词:  
transparently",
1124,"transversal","英:/trænz'vɜːs(ə)l/ 美:/træns'vɝsəl/","- adj. 横向的,横断的,截线的
- n. 截线,横肌",
1125,"trapped","/'træpid/","该版本不支持扩展词库。购买专业版",
1126,"tray","英:/treɪ/ 美:/tre/","该版本不支持扩展词库。购买专业版",
1127,"treatment","英:/'triːtm(ə)nt/ 美:/'tritmənt/","- n. 处理；对待，待遇
- 治疗；疗法",
1128,"trial and error","","该版本不支持扩展词库。购买专业版",
1129,"trim","英:/trɪm/ 美:/trɪm/","该版本不支持扩展词库。购买专业版",
1130,"trip","英:/trɪp/ 美:/trɪp/","该版本不支持扩展词库。购买专业版",
1131,"triple","英:/'trɪp(ə)l/ 美:/'trɪpl/","该版本不支持扩展词库。购买专业版",
1132,"trot","英:/trɒt/ 美:/trɑt/","该版本不支持扩展词库。购买专业版",
1133,"truce","英:/truːs/ 美:/trus/","该版本不支持扩展词库。购买专业版",
1134,"truncate","英:/trʌŋ'keɪt/ 美:/trʌŋ'ket/","该版本不支持扩展词库。购买专业版",
1135,"turgescent","/tɜː'dʒes(ə)nt/","adj. 肿的,浮夸的",
1136,"turn out","","vt. 翻转, 生产, 关闭, 出动, 证明是",
1137,"turtle","英:/'tɜːt(ə)l/ 美:/'tɝtl/","该版本不支持扩展词库。购买专业版",
1138,"tutor","英:/'tjuːtə/ 美:/'tʊtɚ/","该版本不支持扩展词库。购买专业版",
1139,"tweezers","英:/'twiːzəz/ 美:/'twizɚz/","n. 镊子；小钳子（tweezer的复数形式）",
1140,"twist","英:/twɪst/ 美:/twɪst/","该版本不支持扩展词库。购买专业版",
1141,"twitter","英:/'twɪtə/ 美:/'twɪtɚ/","该版本不支持扩展词库。购买专业版",
1142,"typo","英:/'taɪpəʊ/ 美:/'taɪpo/","该版本不支持扩展词库。购买专业版",
1143,"under the hood","","Free Dictionary在线词典
韦氏在线词典
必应在线词典
柯林斯在线词典
Urban Dictionary
剑桥词典
Dictionary.com在线词典
朗文当代英语在线词典
Ox Living Dict


点击管理在线词典",
1144,"underdog","英:/'ʌndədɒg/ 美:/'ʌndɚdɔɡ/","该版本不支持扩展词库。购买专业版",
1145,"underlie","英:/ʌndə'laɪ/ 美:/ˌʌndɚ'laɪ/","该版本不支持扩展词库。购买专业版",
1146,"underlying","英:/ʌndə'laɪɪŋ/ 美:/ˌʌndɚ'laɪɪŋ/","- adj. 根本的, 基础的
- 含蓄的, 潜在的",
1147,"underpay","英:/ʌndə'peɪ/ 美:/ˌʌndɚ'pe/","该版本不支持扩展词库。购买专业版",
1148,"underpin","英:/ʌndə'pɪn/ 美:/ˌʌndɚ'pɪn/","该版本不支持扩展词库。购买专业版",
1149,"unfathomable","英:/ʌn'fæð(ə)məb(ə)l/ 美:/ʌn'fæðəməbl/","- adj. 深得无法到达底部的
- 高深莫测的;难以了解的",
1150,"unfold","英:/ʌn'fəʊld/ 美:/ʌn'fold/","该版本不支持扩展词库。购买专业版",
1151,"unfolded","/ʌn'fold/","展开的;解开的",
1152,"unisex","英:/'juːnɪseks/ 美:/'jʊnɪ'sɛks/","adj. (指服饰等)不分男女的",
1153,"unitary","英:/'juːnɪt(ə)rɪ/ 美:/'junətɛri/","该版本不支持扩展词库。购买专业版",
1154,"unity","英:/'juːnɪtɪ/ 美:/'junəti/","该版本不支持扩展词库。购买专业版",
1155,"unleashing","","Free Dictionary在线词典
韦氏在线词典
必应在线词典
柯林斯在线词典
Urban Dictionary
剑桥词典
Dictionary.com在线词典
朗文当代英语在线词典
Ox Living Dict


点击管理在线词典",
1156,"unleashing an agitated stream of truth","","Free Dictionary在线词典
韦氏在线词典
必应在线词典
柯林斯在线词典
Urban Dictionary
剑桥词典
Dictionary.com在线词典
朗文当代英语在线词典
Ox Living Dict


点击管理在线词典",
1157,"unmolested","英:/ʌnmə'lestɪd/ 美:/ˌʌnmə'lɛstɪd/","adj. 没有苦恼的,无麻烦的",
1158,"unremitting","英:/ʌnrɪ'mɪtɪŋ/ 美:/ˌʌnrɪ'mɪtɪŋ/","adj. 不懈的

副 词:  
unremittingly",
1159,"unsuspected","英:/ʌnsə'spektɪd/ 美:/ˌʌnsəˈspɛktɪd/","adj. 未被怀疑的,无嫌疑的",
1160,"up to","","直到,相当于,胜任,该由...决定",
1161,"uphold","英:/ʌp'həʊld/ 美:/ʌp'hold/","该版本不支持扩展词库。购买专业版",
1162,"upside down","","该版本不支持扩展词库。购买专业版",
1163,"use up","","用完, 耗尽",
1164,"valence","英:/'veɪl(ə)ns/ 美:/'veləns/","该版本不支持扩展词库。购买专业版",
1165,"vandalism","英:/'vænd(ə)lɪz(ə)m/ 美:/'vændəlɪzəm/","该版本不支持扩展词库。购买专业版",
1166,"vast","英:/vɑːst/ 美:/væst/","该版本不支持扩展词库。购买专业版",
1167,"vault","英:/vɔːlt/ 美:/vɔlt/","该版本不支持扩展词库。购买专业版",
1168,"vegetation","英:/vedʒɪ'teɪʃ(ə)n/ 美:/'vɛdʒə'teʃən/","n. 植物(总称); 草木",
1169,"verse","英:/vɜːs/ 美:/vɝs/","该版本不支持扩展词库。购买专业版",
1170,"vertex","英:/'vɜːteks/ 美:/'vɝtɛks/","该版本不支持扩展词库。购买专业版",
1171,"vibe","英:/vaib/ 美:/vaɪb/","- Ⅰn. ①(感情上的)感应，共鸣②(一地的)气氛，环境
- Ⅱvi. (感情上)产生共鸣",
1172,"vibration","英:/vaɪ'breɪʃ(ə)n/ 美:/vaɪ'breʃən/","- n. 震动
- (偏离平衡位置的)一次性往复振动
- 摆动；摇摆
- 感受，共鸣；心灵感应

形容词:  
vibrational",
1173,"vicar","英:/'vɪkə/ 美:/'vɪkɚ/","该版本不支持扩展词库。购买专业版",
1174,"vice versa","英:/ˏvaɪsɪ ˈvɜːsə/ 美:/ˌvaɪsə ˈvə..sə/","该版本不支持扩展词库。购买专业版",
1175,"vicious","英:/'vɪʃəs/ 美:/'vɪʃəs/","该版本不支持扩展词库。购买专业版",
1176,"victorious","英:/vɪk'tɔːrɪəs/ 美:/vɪk'tɔrɪəs/","adj. 胜利的;取胜的;凯旋的

副 词:  
victoriously

名 词:  
victoriousness",
1177,"vigilant","英:/'vɪdʒɪl(ə)nt/ 美:/'vɪdʒələnt/","该版本不支持扩展词库。购买专业版",
1178,"vigorously","英:/ˈvɪ gərəslɪ/ 美:/'vɪgərəsli/","adv. 精神旺盛地;活泼地",
1179,"vintage","英:/'vɪntɪdʒ/ 美:/'vɪntɪdʒ/","该版本不支持扩展词库。购买专业版",
1180,"violent","英:/'vaɪəl(ə)nt/ 美:/'vaɪələnt/","该版本不支持扩展词库。购买专业版",
1181,"violet","英:/'vaɪələt/ 美:/'vaɪələt/","该版本不支持扩展词库。购买专业版",
1182,"viper","英:/'vaɪpə/ 美:/'vaɪpɚ/","该版本不支持扩展词库。购买专业版",
1183,"virtuosity","英:/ˌvɜːtʃʊ'ɒsɪtɪ/ 美:/ˌvɝtʃu'ɑsəti/","- n. (在美术、音乐等方面的)精湛技艺
- 对艺术品(或古董等)的爱好
- (总称)艺术爱好者;古董收藏家",
1184,"visor","英:/'vaɪzə/ 美:/'vaɪzɚ/","该版本不支持扩展词库。购买专业版",
1185,"visual","英:/'vɪʒjʊəl/ 美:/'vɪʒʊəl/","该版本不支持扩展词库。购买专业版",
1186,"voluminous","英:/və'ljuːmɪnəs/ 美:/və'lʊmənəs/","- adj. 宽松的，肥大的
- 大的，容量大的
- 著作多的
- 多卷的；篇幅长的
- adv. 宽松地；容量大地；篇幅长地
- n. 宽松；容量大；篇幅长

名 词:  
voluminosity

副 词:  
voluminously",
1187,"vomit","英:/'vɒmɪt/ 美:/'vɑmɪt/","该版本不支持扩展词库。购买专业版",
1188,"vulnerability","/ˌvʌlnərə'biliti/","n. 弱点,攻击",
1189,"vulnerable","英:/'vʌln(ə)rəb(ə)l/ 美:/'vʌlnərəbl/","adj. 易受伤的, 脆弱的, 敏感的",
1190,"wake","英:/weik/ 美:/wek/","该版本不支持扩展词库。购买专业版",
1191,"wands","/wɪnd/","n. 权杖；魔杖；指挥棒（wand的复数形式）",
1192,"wane","英:/weɪn/ 美:/wen/","该版本不支持扩展词库。购买专业版",
1193,"wary","英:/'weərɪ/ 美:/'wɛri/","该版本不支持扩展词库。购买专业版",
1194,"washbasin","英:/'wɒʃbeɪs(ə)n/ 美:/ˈwɑʃˌbesən/","n. 盥洗池;洗脸池;洗脸盆",
1195,"wax","英:/wæks/ 美:/wæks/","该版本不支持扩展词库。购买专业版",
1196,"we take for granted","","Free Dictionary在线词典
韦氏在线词典
必应在线词典
柯林斯在线词典
Urban Dictionary
剑桥词典
Dictionary.com在线词典
朗文当代英语在线词典
Ox Living Dict


点击管理在线词典",
1197,"weaving together","","Free Dictionary在线词典
韦氏在线词典
必应在线词典
柯林斯在线词典
Urban Dictionary
剑桥词典
Dictionary.com在线词典
朗文当代英语在线词典
Ox Living Dict


点击管理在线词典",
1198,"wedge","英:/wedʒ/ 美:/wɛdʒ/","该版本不支持扩展词库。购买专业版",
1199,"weed","英:/wiːd/ 美:/wid/","该版本不支持扩展词库。购买专业版",
1200,"Well, it follows my expedition to study the vegetation indigenous to the rain forest in equatorial areas of Southeast Asia","","Free Dictionary在线词典
韦氏在线词典
必应在线词典
柯林斯在线词典
Urban Dictionary
剑桥词典
Dictionary.com在线词典
朗文当代英语在线词典
Ox Living Dict


点击管理在线词典",
1201,"well-attested","","Free Dictionary在线词典
韦氏在线词典
必应在线词典
柯林斯在线词典
Urban Dictionary
剑桥词典
Dictionary.com在线词典
朗文当代英语在线词典
Ox Living Dict


点击管理在线词典",
1202,"wheat","英:/wiːt/ 美:/wit/","该版本不支持扩展词库。购买专业版",
1203,"whilst","英:/waɪlst/ 美:/hwaɪlst/","conj. 时时,同时",
1204,"whoop","英:/wuːp/ 美:/wup/","该版本不支持扩展词库。购买专业版",
1205,"whoop it up","","该版本不支持扩展词库。购买专业版",
1206,"wield","英:/wiːld/ 美:/wild/","该版本不支持扩展词库。购买专业版",
1207,"wiggly","英:/'wɪɡlɪ/ 美:/'wɪɡli/","该版本不支持扩展词库。购买专业版",
1208,"will","英:/wɪl/ 美:/wɪl/","该版本不支持扩展词库。购买专业版",
1209,"winding","英:/'waɪndɪŋ/ 美:/'waɪndɪŋ/","该版本不支持扩展词库。购买专业版",
1210,"wiper","英:/'waɪpə/ 美:/'waɪpɚ/","该版本不支持扩展词库。购买专业版",
1211,"within","英:/wɪð'ɪn/ 美:/wɪ'ðɪn/","该版本不支持扩展词库。购买专业版",
1212,"wool","英:/wʊl/ 美:/wʊl/","该版本不支持扩展词库。购买专业版",
1213,"woolliness","英:/'wʊlɪnɪs/ 美:/'wʊlɪnɪs/","n. 棉性,羊毛性",
1214,"woozy","英:/'wuːzɪ/ 美:/'wuzi/","该版本不支持扩展词库。购买专业版",
1215,"x","/eks/","- n. 字母x,罗马数字10
- adj. X形的,X级的(电影等),第二十四的
Xabbr. Xs或 X's X级电影，成人电影（十八岁以下儿童不得观看）",
1216,"yield","英:/jiːld/ 美:/jild/","该版本不支持扩展词库。购买专业版",
1217,"yolk","英:/jəʊk/ 美:/jok/","该版本不支持扩展词库。购买专业版",
1218,"zip-code","","vt. 〈美〉在…上标明邮政编码，标邮政编码于",
1219,"zymolytic","/ˌzaiməu'litik/","adj. 发酵的,酵解(作用)的",
1220,"半导体","","bàn dǎo tǐ 
 semiconductor",
1221,"差距","","chà jù 
 difference, disparity, gap",
1222,"成分","","chéng fèn 
 

- composition
- ingredient
- constituent
- component part
- element",
1223,"初学者","","chū xué zhě 
 

- tyro
- learner in the first stage
- beginner
- abecedarian",
1224,"词汇","","cí huì 
 

- {语} （语汇） vocabulary
- words and phrases",
1225,"大概半个小时","","Free Dictionary在线词典
韦氏在线词典
必应在线词典
柯林斯在线词典
Urban Dictionary
剑桥词典
Dictionary.com在线词典
朗文当代英语在线词典
Ox Living Dict


点击管理在线词典",
1226,"导体","","dǎo tǐ 
 conductor",
1227,"定理","","dìng lǐ 
 
theorem",
1228,"服务器","","fú wù qì 
 

- server
- servers",
1229,"富裕的","","fù yù de 
 

- rich
- affluent
- well off
- properous
- wealthy",
1230,"过去的","","guò qù de 
 bypast, departed, foregone, forepassed, lapsed, old-timey, preterit",
1231,"合适的","","hé shì de 
 appropriate, equal, feat, likely, right, seemly",
1232,"肌肉","","jī ròu 
 

- muscle
- baragnosis",
1233,"建议","","jiàn yì 
 advice, advise, instance, make suggestions, propose, suggest, vote",
1234,"绝缘体","","jué yuán tǐ 
 dielectric, insulator, isolator n., nonconductor",
1235,"练习","","liàn xí 
 

- practise
- practice
- exercise",
1236,"流行的","","liú háng de 
 fashionable, popular, prevalent, pop, stylish",
1237,"楼","","lóu 
 

- floor
- a storied building
- storied building",
1238,"目标","","mù biāo 
 

- target
- objective
- goal
- aim
- destination",
1239,"努力","","nǔ lì 
 

- strive
- endeavor
- try hard
- make great efforts
- attempt",
1240,"努力的","","nǔ lì de 
 

- studious
- struggling",
1241,"旁观者","","páng guān zhě 
 

- onlooker
- bystander
- spectator",
1242,"平淡的","","píng dàn de 
 fade, matter-of-fact, tame, watery",
1243,"清淡","","qīng dàn 
 insipidity",
1244,"清淡的","","qīng dàn de 
 

- insipid
- lite
- light",
1245,"认真的","","rèn zhēn de 
 

- staid
- serious-minded
- demure
- earnest
- douce",
1246,"三叶草","","sān yè cǎo 
 
- clover",
1247,"受欢迎的","","shòu huān yíng de 
 grateful, pinup, popular",
1248,"提到","","tí dào 
 

- mention
- refer to",
1249,"贴切的","","tiē qiē de 
 appropriate, apt, proper, suitable",
1250,"晚安","","wǎn ān 
 

- good night
- good evening
- nighty-night
- bon soir",
1251,"望远镜","","wàng yuǎn jìng 
 

- telescope
- binocle",
1252,"文化","","wén huà 
 Kultur, civilization, culture",
1253,"无关紧要的","","wú guān jǐn yào de 
 inessential, peddling, small-beer",
1254,"无知的","","wú zhī de 
 ignorant, empty-headed, innocent, uneducated, unenlightened",
1255,"戏剧","","xì jù 
 

- drama
- play
- theatre
- script
- scenario",
1256,"戏曲","","xì qǔ 
 
traditional (Chinese) opera",
1257,"向你学习","","Free Dictionary在线词典
韦氏在线词典
必应在线词典
柯林斯在线词典
Urban Dictionary
剑桥词典
Dictionary.com在线词典
朗文当代英语在线词典
Ox Living Dict


点击管理在线词典",
1258,"效率","","xiào lǜ 
 

- productiveness
- efficiency
- productivity
- workpiece ratio",
1259,"形式自由的","","xíng shì zì yóu de 
 freeform",
1260,"形象的","","xíng xiàng de 
 
visual",
1261,"性质","","xìng zhì 
 

- properties
- quality
- character
- nature
- quale",
1262,"一朵小火苗","","Free Dictionary在线词典
韦氏在线词典
必应在线词典
柯林斯在线词典
Urban Dictionary
剑桥词典
Dictionary.com在线词典
朗文当代英语在线词典
Ox Living Dict


点击管理在线词典",
1263,"英语","","yīng yǔ 
 English",
1264,"运动员","","yùn dòng yuán 
 athlete",
1265,"粥","","zhōu 
 

- porridge
- gruel
- conjee
- congee",
1266,"准备","","zhǔn bèi 
 

- prepare
- setout
- draw up
- intend
- plan",
1267,"自由的","","zì yóu de 
 disengaged, free, loose, permissive, uncontrolled, unrestricted",
1268,"自由地","","zì yóu dì 
 allodiality, allodially, freely, sciolto, with freedom",
